seed,trainable,margin,old_cil,old_ceiling,old_realization,t4_cil,t4_ceiling,t4_realization,source,old_pct,t4_pct
0,True,0.0,0.157625,0.331125,47.6029,0.0145,0.4555,3.1833,seed0_verified,47.6029,3.1833
0,True,0.05,0.104625,0.31,33.75,0.3225,0.4435,72.717,seed0_verified,33.75,72.717
0,False,0.0,,,47.03,,,1.74,seed0_verified,47.03,1.74
0,False,0.05,,,41.55,,,46.81,seed0_verified,41.55,46.81
1,False,0.0,0.151,0.315375,47.87950852160127,0.0065,0.4295,1.5133876600698486,/kaggle/working/trainable_2x2_seed1_m000_frozen_checkpoints/task_4.pt,47.87950852160127,1.5133876600698486
1,True,0.0,0.160875,0.328625,48.95397489539749,0.016,0.4405,3.6322360953461974,/kaggle/working/trainable_2x2_seed1_m000_trainable_checkpoints/task_4.pt,48.95397489539749,3.6322360953461974
1,False,0.05,0.12887500000000002,0.3055,42.18494271685761,0.205,0.4365,46.96449026345933,/kaggle/working/trainable_2x2_seed1_m005_frozen_checkpoints/task_4.pt,42.18494271685761,46.96449026345933
1,True,0.05,0.095625,0.308125,31.03448275862069,0.347,0.4535,76.51598676957,/kaggle/working/trainable_2x2_seed1_m005_trainable_checkpoints/task_4.pt,31.03448275862069,76.51598676957
2,False,0.0,0.146125,0.3185,45.87912087912088,0.0015,0.4315,0.34762456546929316,/kaggle/working/trainable_2x2_seed2_m000_frozen_checkpoints/task_4.pt,45.87912087912088,0.34762456546929316
2,True,0.0,0.163375,0.336,48.6235119047619,0.01,0.447,2.237136465324385,/kaggle/working/trainable_2x2_seed2_m000_trainable_checkpoints/task_4.pt,48.6235119047619,2.237136465324385
2,False,0.05,0.131125,0.318,41.234276729559745,0.191,0.44,43.40909090909091,/kaggle/working/trainable_2x2_seed2_m005_frozen_checkpoints/task_4.pt,41.234276729559745,43.40909090909091
2,True,0.05,0.091375,0.319125,28.632980806893848,0.3615,0.4545,79.53795379537954,/kaggle/working/trainable_2x2_seed2_m005_trainable_checkpoints/task_4.pt,28.632980806893848,79.53795379537954
