,expert_0,expert_1,expert_2,expert_3,expert_4,expert_5,expert_6,expert_7
class_0,-1.2699823379516602,-1.5970854759216309,-1.0557899475097656,0.10476160049438477,-1.1105728149414062,-1.7607135772705078,0.8515117168426514,0.017630815505981445
class_1,0.24866628646850586,1.3040409088134766,0.7385969161987305,1.5904121398925781,0.9491429328918457,0.7250747680664062,0.09368753433227539,0.5312767028808594
class_2,0.21200799942016602,2.0732975006103516,-0.28215980529785156,2.3966877460479736,0.7961840629577637,-0.16199636459350586,0.7309703826904297,0.0928792953491211
class_3,3.1650922298431396,1.320185661315918,0.5956354141235352,1.8523502349853516,3.7968225479125977,0.9364027976989746,1.4959282875061035,0.7867636680603027
class_4,1.6589312553405762,1.9048161506652832,0.8761115074157715,2.375741958618164,2.4740171432495117,0.48766469955444336,0.07534074783325195,1.5122532844543457
class_5,1.4116525650024414,1.3326787948608398,1.0653667449951172,2.8554880619049072,2.176210880279541,2.65207839012146,0.24567031860351562,1.7390360832214355
class_6,1.4105620384216309,1.0172934532165527,0.15267276763916016,2.2071712017059326,1.4645767211914062,1.2171087265014648,0.03651762008666992,1.6521530151367188
class_7,0.42266035079956055,1.812556266784668,1.3581438064575195,2.1180622577667236,0.3588700294494629,0.24711084365844727,-0.38696813583374023,1.3192534446716309
class_8,1.067563533782959,1.1467761993408203,0.6648845672607422,1.3755288124084473,1.929208755493164,1.0452289581298828,0.9883208274841309,1.2448010444641113
class_9,1.3374919891357422,2.9747772216796875,0.7462630271911621,2.2360239028930664,1.9284319877624512,0.300626277923584,0.5406694412231445,1.3081398010253906
class_10,1.7430400848388672,2.3470115661621094,0.6387128829956055,2.038527488708496,1.2265634536743164,1.0003437995910645,1.1106925010681152,0.5789890289306641
class_11,1.306361198425293,3.025932550430298,0.23520851135253906,2.2035694122314453,0.6797318458557129,-0.3064451217651367,-0.1427779197692871,0.8972620964050293
class_12,0.9520339965820312,2.9463021755218506,0.711237907409668,1.1301050186157227,0.7640442848205566,0.19745254516601562,0.6083173751831055,0.2112126350402832
class_13,1.2315044403076172,2.125640869140625,1.3389239311218262,1.2834467887878418,1.4711427688598633,0.6862144470214844,0.5813350677490234,1.3892912864685059
class_14,1.4434618949890137,2.4575259685516357,0.73980712890625,1.3019170761108398,2.0937488079071045,1.0254125595092773,1.085127830505371,1.5696496963500977
class_15,0.9410786628723145,1.2555732727050781,-0.15566062927246094,1.766054630279541,1.8549532890319824,1.5202369689941406,0.27615976333618164,0.43123912811279297
class_16,1.5981206893920898,0.7183070182800293,1.2962212562561035,2.346010208129883,2.4139747619628906,-0.09912729263305664,0.3573613166809082,1.6567730903625488
class_17,-0.7174758911132812,1.6346454620361328,0.8983721733093262,1.7354621887207031,-0.11466121673583984,-0.1064004898071289,0.18703556060791016,-0.1578507423400879
class_18,-0.086273193359375,2.2770087718963623,1.3188457489013672,0.04541158676147461,1.278174877166748,0.014033317565917969,0.05469560623168945,1.6499619483947754
class_19,0.973961353302002,1.536348819732666,0.6974186897277832,1.7962918281555176,-0.29437685012817383,0.33523130416870117,0.20807123184204102,0.22177362442016602
class_20,0.5714144706726074,1.2098829746246338,0.6744422912597656,1.0999858379364014,2.6528544425964355,-0.3230252265930176,-0.20186519622802734,1.8195829391479492
class_21,0.6902785301208496,1.07578706741333,0.5582380294799805,1.2199149131774902,2.8903582096099854,0.7574963569641113,2.405400037765503,-0.1542501449584961
class_22,1.6522459983825684,1.8952808380126953,-0.0537266731262207,1.2315831184387207,2.450714111328125,0.7589740753173828,1.3172202110290527,0.8792271614074707
class_23,1.6903270483016968,-2.020598888397217,-0.866011381149292,-0.43526148796081543,-0.8667440414428711,0.21243643760681152,-2.1367483139038086,-0.3787875175476074
class_24,-1.6345438957214355,1.1984479427337646,0.937690258026123,0.2331523895263672,-0.23738861083984375,-0.2995743751525879,-0.9871816635131836,-0.27426767349243164
class_25,1.5577282905578613,1.6948480606079102,0.8872628211975098,1.8663458824157715,3.3044638633728027,0.6938257217407227,1.343005657196045,1.8304786682128906
class_26,2.168398857116699,1.6621694564819336,0.8103952407836914,2.9681029319763184,3.2922868728637695,0.9076128005981445,0.28963470458984375,2.2557358741760254
class_27,2.6541194915771484,2.703090190887451,0.840416431427002,1.709643840789795,3.447197675704956,0.97772216796875,1.148179531097412,2.077083110809326
class_28,2.9291934967041016,2.511601448059082,1.0458831787109375,1.6017932891845703,2.7046165466308594,0.5853462219238281,2.1523690223693848,1.1170258522033691
class_29,0.8542685508728027,0.9774975776672363,0.4446725845336914,0.017488479614257812,2.9832940101623535,0.8281192779541016,0.6340532302856445,1.4490585327148438
class_30,-0.40418434143066406,1.6889235973358154,2.4672691822052,0.7411494255065918,1.0037212371826172,1.1208429336547852,0.6200952529907227,0.03720521926879883
class_31,-0.4138522148132324,0.25719642639160156,0.5411806106567383,0.3956165313720703,1.291236400604248,0.7336201667785645,-0.8969030380249023,0.18590307235717773
class_32,0.6589250564575195,2.239593029022217,0.41689109802246094,0.23997116088867188,3.172086477279663,1.3691964149475098,1.6783714294433594,2.3115882873535156
class_33,2.1122775077819824,0.19175004959106445,0.2840423583984375,0.9569358825683594,1.3230853080749512,-0.16582822799682617,1.1533403396606445,1.6310276985168457
class_34,1.379319190979004,1.2299556732177734,-0.0959482192993164,1.7334952354431152,2.047318458557129,1.2944445610046387,0.13988399505615234,2.7552285194396973
class_35,1.617879867553711,2.304128646850586,0.4237346649169922,2.5601978302001953,2.0596776008605957,0.5715732574462891,-0.0506591796875,0.7229666709899902
class_36,2.862243890762329,2.018710136413574,0.08387947082519531,2.3916993141174316,2.943363904953003,0.8737053871154785,0.9908347129821777,1.1750869750976562
class_37,1.69773530960083,1.5350522994995117,0.5412716865539551,1.1399340629577637,1.798842430114746,0.32217836380004883,0.2663102149963379,0.8436002731323242
class_38,2.791107654571533,1.932323932647705,0.5819230079650879,1.2703328132629395,2.476067066192627,0.8734221458435059,0.23003292083740234,1.4425725936889648
class_39,0.6685595512390137,3.4962425231933594,0.2972230911254883,1.2883563041687012,1.1936626434326172,0.1031794548034668,0.5022406578063965,1.8075408935546875
class_40,2.6437792778015137,1.5890512466430664,0.945246696472168,1.1955690383911133,4.046980381011963,0.6472139358520508,0.7229127883911133,1.402909278869629
class_41,-2.206854820251465,1.2590372562408447,-0.47260570526123047,-1.2572331428527832,2.0040183067321777,-0.49915122985839844,-0.7185773849487305,0.008410453796386719
class_42,2.3428921699523926,0.8955183029174805,0.20838403701782227,0.6717028617858887,1.5412054061889648,1.0408496856689453,0.7735028266906738,1.4302568435668945
class_43,0.5946202278137207,-0.19830656051635742,-0.07302665710449219,1.5382061004638672,1.561330795288086,0.7437047958374023,0.8047170639038086,2.2761144638061523
class_44,3.104893207550049,2.8408031463623047,0.3442401885986328,1.6922011375427246,4.670464754104614,1.078521728515625,0.9586400985717773,1.6557483673095703
class_45,1.8607392311096191,2.1575260162353516,-0.07967710494995117,1.742513656616211,2.8350939750671387,0.7369246482849121,0.9705753326416016,1.9222064018249512
class_46,1.102588176727295,1.3848886489868164,-0.5113835334777832,-0.04066896438598633,1.9259576797485352,-0.8764514923095703,1.0620360374450684,-0.19262027740478516
class_47,0.36298179626464844,1.121816635131836,-0.4905242919921875,-1.104630947113037,0.09134769439697266,-1.7434940338134766,2.001683473587036,-1.7045812606811523
class_48,1.3958163261413574,-0.1381816864013672,0.18116426467895508,0.4915027618408203,2.2113566398620605,0.2077493667602539,0.11060714721679688,0.9463682174682617
class_49,1.3500473499298096,0.18493127822875977,-0.5316224098205566,-0.2859807014465332,-0.6679511070251465,-0.34002685546875,-0.7704620361328125,-0.6551132202148438
class_50,1.7122197151184082,2.468571662902832,0.10906076431274414,1.986234188079834,2.126527786254883,0.14825677871704102,1.1170001029968262,0.6482696533203125
class_51,2.823866367340088,1.436032772064209,0.04599952697753906,2.040864944458008,1.1842937469482422,0.2209916114807129,0.7818021774291992,1.6849594116210938
class_52,-0.02198028564453125,-0.7686476707458496,-1.73834228515625,-0.09613442420959473,0.32022857666015625,-1.0613327026367188,-1.1772146224975586,-1.9213685989379883
class_53,1.0634844303131104,-2.2320399284362793,0.7837839126586914,0.6279544830322266,0.10416769981384277,-1.6248373985290527,-0.027953147888183594,-2.3415732383728027
class_54,-0.11454105377197266,-0.1294879913330078,-1.3025031089782715,0.04288625717163086,0.016352176666259766,-0.5151147842407227,0.053427696228027344,0.07948780059814453
class_55,1.3705096244812012,2.767209529876709,-0.3052234649658203,0.8553752899169922,3.7983574867248535,1.5839781761169434,2.3961477279663086,1.1175765991210938
class_56,1.6992201805114746,0.7490420341491699,-0.9224081039428711,1.9862322807312012,1.0750136375427246,1.3315191268920898,-0.8863286972045898,0.4321765899658203
class_57,0.4984927177429199,-0.6833953857421875,0.2145557403564453,1.9143705368041992,2.002746343612671,0.02897787094116211,0.3963899612426758,1.0357565879821777
class_58,1.001551628112793,0.6482133865356445,-0.3943958282470703,0.21845436096191406,0.7932343482971191,-0.03415107727050781,0.05247974395751953,0.950808048248291
class_59,1.0600638389587402,1.571669101715088,-1.741363525390625,0.8703503608703613,0.7562131881713867,0.914452075958252,-1.1749181747436523,-0.24996662139892578
class_60,0.24172556400299072,0.5045038461685181,-2.87839412689209,-0.7628688812255859,-1.2719361782073975,-0.6266272068023682,-0.4790802001953125,-3.0789074897766113
class_61,1.8899154663085938,1.6465528011322021,0.8801140785217285,1.3090782165527344,2.2826406955718994,0.39235639572143555,1.3153934478759766,1.112992286682129
class_62,-1.4327392578125,-2.398026466369629,1.1043167114257812,-1.311830997467041,0.11887907981872559,-1.017578125,-0.4944267272949219,-0.5671887397766113
class_63,-0.9538426399230957,2.0006284713745117,-0.1637859344482422,0.7095897197723389,0.08759045600891113,-0.7859301567077637,-1.1646742820739746,1.0621719360351562
class_64,0.2525057792663574,1.569521188735962,0.46451711654663086,0.6029324531555176,0.8263742923736572,0.9251315593719482,1.2045633792877197,0.36214447021484375
class_65,1.189516544342041,1.4732284545898438,-0.2082056999206543,2.280795097351074,1.488659381866455,0.45439720153808594,0.6375017166137695,0.9923443794250488
class_66,1.014646053314209,3.2856807708740234,0.9427814483642578,1.2400693893432617,1.533823013305664,0.8307795524597168,-0.01906299591064453,1.573608160018921
class_67,-1.1809792518615723,-0.26058244705200195,0.5019445419311523,0.22965574264526367,-0.1434309482574463,0.014736652374267578,1.2353522777557373,0.684410572052002
class_68,-1.519380807876587,1.8031913042068481,-1.1189959049224854,0.25019073486328125,-1.0561168193817139,0.5356416702270508,-1.704188585281372,-0.7500512599945068
class_69,1.0469470024108887,1.0113856792449951,0.9354674816131592,0.3769545555114746,0.08730554580688477,0.9495866298675537,0.037506103515625,0.505547046661377
class_70,-1.1048977375030518,-0.25975918769836426,-0.6768777370452881,-0.07633137702941895,-1.2501609325408936,-0.7744565010070801,0.013195037841796875,0.19428277015686035
class_71,-1.4607305526733398,-1.3633031845092773,-0.5753164291381836,-0.10358262062072754,-0.8870773315429688,1.3558902740478516,-0.8731563091278076,-0.36395931243896484
class_72,0.05345869064331055,2.655385732650757,0.0919332504272461,1.0481219291687012,1.7451958656311035,2.050112724304199,1.279191017150879,0.6900300979614258
class_73,-0.43156003952026367,-0.7266321182250977,0.4954056739807129,0.7256629467010498,-0.2943081855773926,0.9730515480041504,0.6745984554290771,0.7844984531402588
class_74,-0.23965024948120117,1.9697251319885254,-0.0010571479797363281,1.5708544254302979,0.6011452674865723,-0.08703184127807617,-0.27705812454223633,0.334989070892334
class_75,0.297410249710083,0.22475337982177734,-0.01770162582397461,1.607353687286377,0.4294147491455078,-0.25614500045776367,-0.29349803924560547,0.6116139888763428
class_76,-0.9446446895599365,0.679039478302002,-0.25069713592529297,1.3266055583953857,-1.4831798076629639,0.19135618209838867,-1.8017323017120361,-1.4785664081573486
class_77,-1.3770008087158203,1.5206630229949951,-0.7207560539245605,1.5663249492645264,0.41922998428344727,0.17210054397583008,0.7386178970336914,0.957496166229248
class_78,1.9447481632232666,2.299586296081543,0.6173768043518066,1.4399199485778809,2.4538121223449707,0.11835813522338867,0.654325008392334,0.9741353988647461
class_79,0.6892015933990479,1.5723989009857178,-0.15159034729003906,1.279658555984497,0.3267049789428711,0.4102191925048828,-0.010542869567871094,1.6569862365722656
