batch,k,subset,n_pairs,spearman,sign_agreement,median_abs_error,max_abs_error,max_relative_error
batch1_0_127,0,positive,28,0.9999999999999998,1.0,3.696768544614315e-07,1.0360963642597198e-06,0.00036536935639818396
batch1_0_127,0,nonpositive,0,,,,,
batch1_0_127,1,positive,28,0.9999999999999998,1.0,2.561137080192566e-07,7.366761565208435e-07,0.0003360352093529092
batch1_0_127,1,nonpositive,0,,,,,
batch1_0_127,2,positive,28,0.9999999999999998,1.0,1.2636883184313774e-07,5.75091689825058e-07,0.00027979461489386384
batch1_0_127,2,nonpositive,0,,,,,
batch1_0_127,3,positive,28,0.9999999999999998,1.0,1.7945421859622002e-07,7.337657734751701e-07,0.00039798741998577525
batch1_0_127,3,nonpositive,0,,,,,
batch1_0_127,4,positive,28,0.9999999999999998,1.0,1.283187884837389e-07,3.105960786342621e-07,0.00022186104020421188
batch1_0_127,4,nonpositive,0,,,,,
batch1_0_127,5,positive,28,0.9999999999999998,1.0,9.761424735188484e-08,3.735767677426338e-07,0.000273550022913757
batch1_0_127,5,nonpositive,0,,,,,
batch1_0_127,6,positive,28,0.9999999999999998,1.0,8.710776455700397e-08,2.4621840566396713e-07,0.0002650897463257126
batch1_0_127,6,nonpositive,0,,,,,
batch1_0_127,7,positive,28,0.9999999999999998,1.0,8.248025551438332e-08,2.632150426506996e-07,0.0003002050050985724
batch1_0_127,7,nonpositive,0,,,,,
batch1_0_127,8,positive,28,0.9999999999999998,1.0,7.485505193471909e-08,2.704327926039696e-07,0.00032331921752770535
batch1_0_127,8,nonpositive,0,,,,,
batch1_0_127,9,positive,28,0.9999999999999998,1.0,5.50935510545969e-08,2.5116605684161186e-07,0.0003442693923960429
batch1_0_127,9,nonpositive,0,,,,,
batch1_0_127,10,positive,28,0.9999999999999998,1.0,7.788185030221939e-08,3.572204150259495e-07,0.0003816329637353541
batch1_0_127,10,nonpositive,0,,,,,
batch1_0_127,11,positive,28,0.9999999999999998,1.0,5.5995769798755646e-08,2.2462336346507072e-07,0.000839316962452081
batch1_0_127,11,nonpositive,0,,,,,
batch1_0_127,12,positive,28,0.9999999999999998,1.0,7.086418918333948e-08,3.1176023185253143e-07,0.0006796329579454787
batch1_0_127,12,nonpositive,0,,,,,
batch1_0_127,13,positive,28,0.9999999999999998,1.0,4.498724592849612e-08,2.757878974080086e-07,0.000717292397709216
batch1_0_127,13,nonpositive,0,,,,,
batch1_0_127,14,positive,26,0.9999999999999999,1.0,6.27769622951746e-08,2.5815097615122795e-07,0.0010890061293191058
batch1_0_127,14,nonpositive,2,,1.0,3.422792360652238e-08,4.461617209017277e-08,0.0005969602670242537
batch1_0_127,15,positive,26,0.9999999999999999,1.0,7.358903530985117e-08,2.6740599423646927e-07,0.0009626359684225844
batch1_0_127,15,nonpositive,2,,1.0,5.944457370787859e-08,7.90605554357171e-08,0.0006511615196980854
batch1_0_127,16,positive,25,1.0,1.0,5.113543011248112e-08,1.7925049178302288e-07,0.022741091453422933
batch1_0_127,16,nonpositive,3,1.0,1.0,1.3629687600769103e-08,2.1904997993260622e-07,0.0011578603743304977
batch1_0_127,17,positive,23,1.0,1.0,5.619949661195278e-08,1.7404090613126755e-07,0.0011103054345478112
batch1_0_127,17,nonpositive,5,0.9999999999999999,1.0,2.8303475119173527e-08,2.386805135756731e-07,0.002314678919797688
batch1_0_127,18,positive,22,1.0,1.0,3.788227331824601e-08,2.0209699869155884e-07,0.0034541815099581865
batch1_0_127,18,nonpositive,6,1.0,1.0,8.731058187549934e-08,2.604501787573099e-07,0.002534288878834576
batch1_0_127,19,positive,19,1.0,1.0,6.54545146971941e-08,2.7733040042221546e-07,0.001661605486586758
batch1_0_127,19,nonpositive,9,1.0,1.0,3.1377567211166024e-08,2.536980900913477e-07,0.006499113859953704
batch1_0_127,20,positive,19,1.0,1.0,6.161280907690525e-08,1.762091415002942e-07,0.0014507064309576838
batch1_0_127,20,nonpositive,9,1.0,1.0,5.521360435523093e-08,1.8975697457790375e-07,0.000920805732014165
batch1_0_127,21,positive,19,1.0,1.0,6.897607818245888e-08,1.550943125039339e-07,0.010218048095703125
batch1_0_127,21,nonpositive,9,1.0,1.0,7.601920515298843e-08,2.8283102437853813e-07,0.0006079078288846521
batch1_0_127,22,positive,18,1.0,1.0,4.3779436964541674e-08,2.796878106892109e-07,0.0027598063151041668
batch1_0_127,22,nonpositive,10,0.9999999999999999,1.0,7.87986209616065e-08,1.930748112499714e-07,0.0007004957932692308
batch1_0_127,23,positive,15,1.0,1.0,5.328183760866523e-08,1.4539637049892917e-07,0.011788441584660457
batch1_0_127,23,nonpositive,13,1.0,1.0,3.868808562401682e-08,2.532033249735832e-07,0.004591379106414984
batch1_0_127,24,positive,12,0.9982502173821435,1.0,3.2365278457291424e-08,1.9694562070071697e-07,0.002015688975192678
batch1_0_127,24,nonpositive,16,1.0,1.0,7.215567165985703e-08,5.235197022557259e-07,0.03381145243742028
batch1_0_127,25,positive,12,1.0,1.0,6.883055903017521e-08,2.523302100598812e-07,0.0066680160223269
batch1_0_127,25,nonpositive,16,1.0,1.0,8.004462870303541e-08,5.065230652689934e-07,0.004375098532090807
batch1_0_127,26,positive,12,1.0,1.0,1.8640378129930468e-08,1.7913407646119595e-07,0.08235836029052734
batch1_0_127,26,nonpositive,16,1.0,1.0,5.333276931196451e-08,6.596092134714127e-07,0.002175147380303899
batch1_0_127,27,positive,7,1.0,1.0,5.4495103540830314e-08,1.2156669981777668e-07,0.0020779002796519888
batch1_0_127,27,nonpositive,21,1.0,1.0,7.965718396008015e-08,5.280598998069763e-07,0.00408886588193516
batch1_0_127,28,positive,7,1.0,1.0,6.888876669108868e-08,2.533997758291662e-07,0.002819061279296875
batch1_0_127,28,nonpositive,21,1.0,1.0,5.998299457132816e-08,6.444752216339111e-07,0.0027140367070701828
batch1_0_127,29,positive,6,1.0,1.0,8.651659300085157e-08,1.2390955816954374e-07,0.0050746070014105905
batch1_0_127,29,nonpositive,22,1.0,1.0,6.530899554491043e-08,5.140900611877441e-07,0.003892614486369681
batch1_0_127,30,positive,5,0.9999999999999999,1.0,7.672497304156423e-08,4.176108632236719e-07,0.002231320909633758
batch1_0_127,30,nonpositive,23,1.0,1.0,7.146445568650961e-08,7.131602615118027e-07,0.002967615193725223
batch1_0_127,31,positive,5,0.9999999999999999,1.0,1.920125214383006e-08,2.8507201932370663e-07,0.00934417724609375
batch1_0_127,31,nonpositive,23,1.0,1.0,6.411573849618435e-08,8.149072527885437e-07,0.004108247302827381
batch1_0_127,32,positive,4,1.0,1.0,7.835478754714131e-08,3.900495357811451e-07,0.015347301959991455
batch1_0_127,32,nonpositive,24,0.9999999999999999,1.0,1.0766962077468634e-07,1.0863877832889557e-06,0.002779721394437285
batch1_0_127,33,positive,3,1.0,1.0,2.0754669094458222e-07,2.516753738746047e-07,0.0031398157475766458
batch1_0_127,33,nonpositive,25,1.0,1.0,6.897607818245888e-08,6.663613021373749e-07,0.029905402142068615
batch1_0_127,34,positive,3,1.0,1.0,9.283394319936633e-08,2.1977029973641038e-07,0.00211418221849914
batch1_0_127,34,nonpositive,25,1.0,1.0,3.9173755794763565e-08,4.486646503210068e-07,0.0021764033258298023
batch1_0_127,35,positive,3,1.0,1.0,8.587085176259279e-08,5.540641723200679e-07,0.00499766360047043
batch1_0_127,35,nonpositive,25,1.0,1.0,4.6944478526711464e-08,2.41969246417284e-07,0.0015620811312806373
batch1_0_127,36,positive,3,1.0,1.0,8.712959242984653e-08,2.5142799131572247e-07,0.0020637288252201564
batch1_0_127,36,nonpositive,25,1.0,1.0,3.9217411540448666e-08,6.137415766716003e-07,0.0012061928803066037
batch1_0_127,37,positive,3,1.0,1.0,1.3120188668835908e-07,1.9145227270200849e-07,0.004785222592561141
batch1_0_127,37,nonpositive,25,1.0,1.0,4.390312824398279e-08,3.9045698940753937e-07,0.0009178470599688473
batch1_0_127,38,positive,3,1.0,1.0,1.242842699866742e-07,4.464964149519801e-07,0.005511499220325101
batch1_0_127,38,nonpositive,25,1.0,1.0,7.10715539753437e-08,4.2619649320840836e-07,0.0015771182966820988
batch1_0_127,39,positive,2,,1.0,1.7924139683600515e-07,3.1720264814794064e-07,0.003437840661337209
batch1_0_127,39,nonpositive,26,0.9999999999999999,1.0,6.147456588223577e-08,2.973247319459915e-07,0.009783358187288852
batch2_128_255,0,positive,28,0.9999999999999998,1.0,2.30385921895504e-07,1.0351650416851044e-06,0.00036584528094501883
batch2_128_255,0,nonpositive,0,,,,,
batch2_128_255,1,positive,28,0.9999999999999998,1.0,1.4514080248773098e-07,6.700865924358368e-07,0.0003413016016557279
batch2_128_255,1,nonpositive,0,,,,,
batch2_128_255,2,positive,28,0.9999999999999998,1.0,1.578591763973236e-07,5.720648914575577e-07,0.0003766969338014726
batch2_128_255,2,nonpositive,0,,,,,
batch2_128_255,3,positive,28,0.9999999999999998,1.0,1.314328983426094e-07,4.561152309179306e-07,0.00025924587882680366
batch2_128_255,3,nonpositive,0,,,,,
batch2_128_255,4,positive,28,0.9999999999999998,1.0,7.799826562404633e-08,3.3515971153974533e-07,0.00026293121083886654
batch2_128_255,4,nonpositive,0,,,,,
batch2_128_255,5,positive,28,0.9999999999999998,1.0,1.1350493878126144e-07,4.704343155026436e-07,0.00039785279414205114
batch2_128_255,5,nonpositive,0,,,,,
batch2_128_255,6,positive,28,0.9999999999999998,1.0,9.933137334883213e-08,3.9406586438417435e-07,0.0003240847120098039
batch2_128_255,6,nonpositive,0,,,,,
batch2_128_255,7,positive,28,0.9999999999999998,1.0,9.100767783820629e-08,2.558808773756027e-07,0.0003947604860812554
batch2_128_255,7,nonpositive,0,,,,,
batch2_128_255,8,positive,28,0.9999999999999998,1.0,6.891787052154541e-08,1.596636138856411e-07,0.00018804377429042517
batch2_128_255,8,nonpositive,0,,,,,
batch2_128_255,9,positive,28,0.9999999999999998,1.0,8.482311386615038e-08,1.903972588479519e-07,0.0002741919259656652
batch2_128_255,9,nonpositive,0,,,,,
batch2_128_255,10,positive,28,0.9999999999999998,1.0,6.644404493272305e-08,2.3224856704473495e-07,0.00044026964882943145
batch2_128_255,10,nonpositive,0,,,,,
batch2_128_255,11,positive,28,0.9999999999999998,1.0,4.436878953129053e-08,3.853929229080677e-07,0.00044481427576362133
batch2_128_255,11,nonpositive,0,,,,,
batch2_128_255,12,positive,28,0.9999999999999998,1.0,6.382470019161701e-08,2.7031637728214264e-07,0.0008486719246662428
batch2_128_255,12,nonpositive,0,,,,,
batch2_128_255,13,positive,28,0.9999999999999998,1.0,4.500907380133867e-08,1.7558340914547443e-07,0.0011543106509600313
batch2_128_255,13,nonpositive,0,,,,,
batch2_128_255,14,positive,28,0.9998631542928933,1.0,4.163302946835756e-08,1.327134668827057e-07,0.0023680977199388585
batch2_128_255,14,nonpositive,0,,,,,
batch2_128_255,15,positive,26,0.9999999999999999,1.0,4.674438969232142e-08,2.4546170607209206e-07,0.0005989961845930232
batch2_128_255,15,nonpositive,2,,1.0,4.548746801447123e-08,4.8643414629623294e-08,0.0012372910768728223
batch2_128_255,16,positive,26,0.9999999999999999,1.0,4.1040038922801614e-08,2.6368070393800735e-07,0.00438871837797619
batch2_128_255,16,nonpositive,2,,1.0,1.3071257853880525e-08,2.5247572921216488e-08,0.00017619966072171382
batch2_128_255,17,positive,23,1.0,1.0,8.349161362275481e-08,2.3510074242949486e-07,0.004109821048393069
batch2_128_255,17,nonpositive,5,0.9999999999999999,1.0,4.644971340894699e-08,9.41754478844814e-08,0.008404265058801529
batch2_128_255,18,positive,22,1.0,1.0,4.062894731760025e-08,1.5787372831255198e-07,0.0039794085776969175
batch2_128_255,18,nonpositive,6,1.0,1.0,5.0407834351062775e-08,1.5578552847728133e-07,0.0013029149855122134
batch2_128_255,19,positive,21,1.0,1.0,3.451714292168617e-08,9.16188582777977e-08,0.0038402730768377132
batch2_128_255,19,nonpositive,7,1.0,1.0,2.306478563696146e-08,2.422020770609379e-07,0.0005389226210212202
batch2_128_255,20,positive,19,1.0,1.0,4.745288606500253e-08,2.0099105313420296e-07,0.00617152960725533
batch2_128_255,20,nonpositive,9,1.0,1.0,6.426125764846802e-08,3.7776771932840347e-07,0.0070230359228971966
batch2_128_255,21,positive,18,1.0,1.0,4.940102371620014e-08,2.1362211555242538e-07,0.017953352494673294
batch2_128_255,21,nonpositive,10,0.9999999999999999,1.0,3.835884854197502e-08,2.087599568767473e-07,0.0072966893513997395
batch2_128_255,22,positive,17,1.0,1.0,7.147900760173798e-08,1.8140417523682117e-07,0.0013887117875862527
batch2_128_255,22,nonpositive,11,1.0,1.0,5.061156116425991e-08,1.5139812603592873e-07,0.0032611159804444875
batch2_128_255,23,positive,17,1.0,1.0,6.877871783217415e-08,1.51805579662323e-07,0.0186582662291446
batch2_128_255,23,nonpositive,11,1.0,1.0,5.697802407667041e-08,2.31259036809206e-07,0.0011993335019484413
batch2_128_255,24,positive,14,1.0,1.0,3.6008714232593775e-08,3.4669938031584024e-07,0.003581681275015394
batch2_128_255,24,nonpositive,14,1.0,1.0,3.1548552215099335e-08,1.969747245311737e-07,0.010154499727136949
batch2_128_255,25,positive,14,0.9989004944448662,1.0,5.165748007129878e-08,1.299922587350011e-07,0.003958672417534722
batch2_128_255,25,nonpositive,14,1.0,1.0,4.26498445449397e-08,1.8725404515862465e-07,0.0018014563135353916
batch2_128_255,26,positive,10,0.9999999999999999,1.0,3.2167008612304926e-08,1.1840893421322107e-07,0.0019258649161692416
batch2_128_255,26,nonpositive,18,1.0,1.0,6.647860573139042e-08,3.223540261387825e-07,0.00541525894070264
batch2_128_255,27,positive,9,1.0,1.0,6.524987838929519e-08,1.4040415408089757e-07,0.008420856182391826
batch2_128_255,27,nonpositive,19,1.0,1.0,7.748894859105349e-08,2.457527443766594e-07,0.0026779357763788967
batch2_128_255,28,positive,8,1.0,1.0,4.774813078256557e-08,1.4172837836667895e-07,0.09314815814678486
batch2_128_255,28,nonpositive,20,1.0,1.0,4.4481566874310374e-08,4.3629552237689495e-07,0.007177016314338236
batch2_128_255,29,positive,6,1.0,1.0,5.095353117212653e-08,2.485703589627519e-07,0.00834063720703125
batch2_128_255,29,nonpositive,22,1.0,1.0,7.363996701315045e-08,4.065514076501131e-07,0.028152362720386404
batch2_128_255,30,positive,5,0.9999999999999999,1.0,6.849586497992277e-08,1.3918179320171475e-07,0.0036983987559442936
batch2_128_255,30,nonpositive,23,0.9990118577075099,1.0,6.391201168298721e-08,2.8120120987296104e-07,0.0021540944169207315
batch2_128_255,31,positive,5,0.9999999999999999,1.0,1.050066202878952e-07,2.958731784019619e-07,0.005785464128969988
batch2_128_255,31,nonpositive,23,1.0,1.0,9.030918590724468e-08,3.745080903172493e-07,0.005078245690986935
batch2_128_255,32,positive,5,0.9999999999999999,1.0,4.853063728660345e-08,1.7961428966373205e-07,0.0026268959045410156
batch2_128_255,32,nonpositive,23,1.0,1.0,1.1129304766654968e-07,2.6461202651262283e-07,0.01291404930320946
batch2_128_255,33,positive,4,1.0,1.0,3.7440258893184364e-08,5.0029484555125237e-08,0.0009885989360927795
batch2_128_255,33,nonpositive,24,0.9999999999999999,1.0,4.287721822038293e-08,2.720043994486332e-07,0.005642118908110119
batch2_128_255,34,positive,4,1.0,1.0,7.126254786271602e-08,8.248025551438332e-08,0.0019390469505673363
batch2_128_255,34,nonpositive,24,0.9999999999999999,1.0,4.238972906023264e-08,6.183981895446777e-07,0.0036119384765625
batch2_128_255,35,positive,4,1.0,1.0,1.0003714123740792e-07,2.5527151592541486e-07,0.008922386169433593
batch2_128_255,35,nonpositive,24,0.9999999999999999,1.0,5.005858838558197e-08,4.938337951898575e-07,0.0033365885416666665
batch2_128_255,36,positive,4,1.0,1.0,6.64658728055656e-08,2.2952008293941617e-07,0.007026839430314781
batch2_128_255,36,nonpositive,24,0.9999999999999999,1.0,7.588096195831895e-08,4.0599843487143517e-07,0.010229422829367897
batch2_128_255,37,positive,4,1.0,1.0,3.884269972331822e-08,9.435098036192358e-08,0.0019688392753031718
batch2_128_255,37,nonpositive,24,0.9999999999999999,1.0,5.727997631765902e-08,5.147885531187057e-07,0.0016038921517385564
batch2_128_255,38,positive,4,1.0,1.0,5.392212187871337e-08,8.381175575777888e-08,0.0027145326827944017
batch2_128_255,38,nonpositive,24,0.9999999999999999,1.0,5.326000973582268e-08,4.1944440454244614e-07,0.004118513584869431
batch2_128_255,39,positive,4,1.0,1.0,6.724440027028322e-08,3.6351775634102523e-07,0.006147999917307208
batch2_128_255,39,nonpositive,24,0.9999999999999999,1.0,9.040377335622907e-08,5.55417500436306e-07,0.004201105827294686
