batch,pair_i,pair_j,pair,mean_abs_D_E_over_abs_D_total,median_abs_D_E_over_abs_D_total,q25_abs_D_E_over_abs_D_total,q75_abs_D_E_over_abs_D_total,weighted_abs_D_E_over_abs_D_total,valid_ratio_steps,zero_total_steps,mean_DeltaA_E,mean_DeltaA_B,mean_DeltaA_R,mean_DeltaA_total,spearman_total_E,spearman_total_B,spearman_total_R,max_abs_fixed_frame_residual_vs_dE,median_abs_fixed_frame_residual_vs_dE,max_abs_live_state_residual_on_finite_steps
batch1_0_127,0,1,"(0,1)",0.15869818025591767,0.04159472362822125,0.02329815630034335,0.08030723930774565,0.046660351700500216,40,0,0.00014330329866908827,-0.0021982045084757997,-0.000907293924433364,-0.0029621951342400725,0.9682926829268295,0.7754221388367731,0.976735459662289,2.558362197646602e-07,8.152799679805867e-08,0.009475677334377
batch1_0_127,0,2,"(0,2)",0.03212977275040357,0.0293018634636978,0.008553666576839824,0.03529916798202755,0.02480175741046791,40,0,0.00039501955046768135,0.005314344962048112,-0.00016056118345204314,0.005548803329063775,0.9990619136960602,0.9998123827392121,0.9908067542213885,2.6419129994792456e-07,6.98353517236683e-08,0.0309165545328535
batch1_0_127,0,3,"(0,3)",0.03517802300859773,0.01991469180167545,0.0092626893250027,0.0234939161343805,0.018177298891534802,40,0,0.00023652570436050554,0.0062663780276977134,-0.00031323517969210926,0.0061896685523661,0.9998123827392121,1.0,0.9996247654784242,2.5709596229717135e-07,5.968540151002344e-08,0.0132433787852437
batch1_0_127,0,4,"(0,4)",0.06361074673403495,0.0267544149293103,0.024113375938408652,0.03275889097844665,0.0280533508614955,40,0,0.00036655934500998827,0.011611726032062808,0.00013073102167027146,0.012109016398743075,0.9996247654784242,0.9998123827392121,0.9898686679174485,6.026830305927433e-07,7.235674637229295e-08,0.0141225007944497
batch1_0_127,0,5,"(0,5)",0.03769310471832019,0.0210994734113693,0.009395304086709074,0.031262319245452926,0.02497732338033974,40,0,0.0002650009232532946,-0.0006915636625487474,0.0011614414582708826,0.0007348787189755078,0.5542213883677298,0.9833020637898688,-0.2915572232645404,2.388997017988004e-07,5.414540282799862e-08,0.0176630750843748
batch1_0_127,0,6,"(0,6)",0.06956920116663474,0.021995708585546052,0.0120674421581834,0.03675461878813095,0.023635197099914438,40,0,0.0005747178816497703,0.01798240589059618,0.0005548395639777585,0.01911196333622377,0.9393996247654786,0.9975609756097563,-0.6510318949343341,7.498244940506993e-07,6.454696688251715e-08,0.035520106206223
batch1_0_127,0,7,"(0,7)",0.08407263671305917,0.0932617325545089,0.035299424183077376,0.11632388513812529,0.03697838537914287,40,0,0.00023681351547111487,0.011306090683526338,0.00030213187442309,0.011845036073420587,0.9840525328330206,0.9939962476547843,0.9889305816135088,3.383211009122533e-07,7.568951332359575e-08,0.0149737059068421
batch1_0_127,1,2,"(1,2)",0.0621669960712111,0.041720008070890005,0.0327271687221028,0.05837801711019637,0.042081004405780394,40,0,9.349513702585002e-05,0.0019852013481509675,-0.0005912683382120889,0.0014874281469647247,0.9992495309568482,0.9971857410881801,0.9996247654784242,2.586139880023097e-07,8.530777195758787e-08,0.0134580946221097
batch1_0_127,1,3,"(1,3)",0.09469980790844089,0.0512983575812678,0.039168883579595824,0.08516432693664536,0.05469285300376227,40,0,9.681068789619867e-05,-0.0004410074005858623,-0.0021122111480962823,-0.0024564078607859845,0.9986866791744841,0.9994371482176362,0.9917448405253286,3.5293247346857015e-07,6.498345328509458e-08,0.0152403936106527
batch1_0_127,1,4,"(1,4)",0.0822547448072459,0.07097942149608841,0.028910942805666175,0.08993902464007258,0.0361383870882514,40,0,-0.00011145348142233046,0.009570752494910309,-0.001637401617003291,0.007821897396484645,0.9587242026266418,0.9947467166979365,0.9848030018761728,4.251264726917725e-07,1.0412168194307017e-07,0.0522732213416005
batch1_0_127,1,5,"(1,5)",0.6940500240898549,0.096593969246513,0.05305636885194375,0.3291673501534858,0.08472780401437041,40,0,1.3123999247371102e-05,0.0036995107667518066,-0.00011058323289031963,0.003602051533108834,0.9641651031894936,0.9994371482176362,0.226266416510319,1.9739832168852445e-07,5.335234831704838e-08,0.0063975119099375
batch1_0_127,1,6,"(1,6)",0.06331453219452218,0.050444320638078854,0.026959423234043725,0.10103011172205548,0.02633716332630764,40,0,0.0003914415938111454,0.01971279978887498,-0.00043766582680572876,0.01966657555588037,0.9983114446529082,0.9990619136960602,0.6307692307692309,9.017538786793012e-07,7.870602949933136e-08,0.0516903717706062
batch1_0_127,1,7,"(1,7)",0.17097205056813164,0.01826445110102685,0.0156893514910942,0.1098363006826823,0.02065488935484775,40,0,0.0001692296394318282,0.019778700113965188,-0.00034381942061824757,0.019604110332778743,1.0,1.0,1.0,2.682324975467054e-07,4.607903392184198e-08,0.0283997202985053
batch1_0_127,2,3,"(2,3)",0.02390060201380783,0.0208071515625817,0.01827910834749195,0.025674293681128398,0.020126956213185134,40,0,0.0003792614095995764,0.018077753279496546,0.000147152234990216,0.018604166924086396,1.0,1.0,0.34971857410881807,2.7888245313079096e-07,5.1464851935634215e-08,0.0130520204780511
batch1_0_127,2,4,"(2,4)",0.06534072643876566,0.025145513453334198,0.0174756151344315,0.05503957618271978,0.024831672746257458,40,0,0.0006138836744895172,0.0175949324576187,8.774676712163359e-05,0.018296562899229894,0.9930581613508443,0.9992495309568482,-0.6112570356472796,7.363523764070123e-07,9.195684924634406e-08,0.022190929578043
batch1_0_127,2,5,"(2,5)",0.031204563009927577,0.0174281629753953,0.011372587321324526,0.023300964895656775,0.018200574027069937,40,0,0.00033003547867094436,0.0194738648928642,0.0008695933165654056,0.020673493688100612,0.9772983114446532,1.0,0.5367729831144465,2.3468510335078466e-07,5.289500926153323e-08,0.0241285314064022
batch1_0_127,2,6,"(2,6)",0.018121602196677467,0.0192523369482561,0.016304718566704724,0.021276837096820926,0.019302261499168746,40,0,0.0004943705482067965,0.028251196402040057,0.0004340485611464373,0.029179615511393364,0.9977485928705443,0.9992495309568482,-0.9632270168855536,4.603443812811747e-07,7.217209230248045e-08,0.027594254721984
batch1_0_127,2,7,"(2,7)",0.1262472526965898,0.10433201707784945,0.04155993276962665,0.19613330595250988,0.07047269027454867,40,0,-0.0005498518094976388,0.009679928839693406,-0.0001761848732826323,0.008953892156913118,0.9954971857410883,0.8448405253283302,0.8474671669793623,7.829018926486242e-07,2.3060346876491167e-07,0.02374513118259
batch1_0_127,3,4,"(3,4)",0.05828217063628995,0.0201786597195015,0.0109050601775027,0.052905884021061375,0.023891118804338776,40,0,0.0005905232575831338,0.007280446635611696,-0.001113296973403479,0.006757672919791352,0.976547842401501,0.9932457786116325,0.9547842401500939,4.768317012349144e-07,1.0899387703489086e-07,0.0187312801467334
batch1_0_127,3,5,"(3,5)",0.11986895393895733,0.016758901213441202,0.01052789411010605,0.0256331578785855,0.01620675528446925,40,0,0.00021023715615571875,0.018972541346422296,-0.00045926408182592383,0.018723514420752086,1.0,1.0,0.9954971857410883,1.8586229089123665e-07,3.1435170910754096e-08,0.0155184292523387
batch1_0_127,3,6,"(3,6)",0.027840529565966138,0.0169150868376686,0.012046643274430974,0.036880568081770926,0.017442355692091967,40,0,0.00041580923018642006,0.031768129500850194,-0.000201393186563301,0.03198254554447328,1.0,1.0,0.6787992495309569,5.587435225606896e-07,5.6966705130889756e-08,0.0285015022114984
batch1_0_127,3,7,"(3,7)",0.14858641637636202,0.10391372807621496,0.030617616930457902,0.22464330195244378,0.050182589724022564,40,0,-0.0002713814534341703,0.015176024871251049,-0.0009516368793583378,0.013953006538458507,0.9943714821763603,0.9716697936210134,0.9891181988742965,5.727759599949422e-07,1.4952988180993998e-07,0.0183018060405058
batch1_0_127,4,5,"(4,5)",0.01398229358559428,0.015166937935551801,0.0074661225325498995,0.016667975831381875,0.014885779294826576,40,0,0.0003639813624668026,0.0256729188946588,-2.0566792477443364e-05,0.026016333464648184,1.0,1.0,0.7317073170731709,3.324087174405577e-07,2.9697562631270106e-08,0.0139564047085071
batch1_0_127,4,6,"(4,6)",0.022783721878659114,0.02148186494682435,0.018637124011376127,0.028652551640266602,0.02134586006056911,40,0,0.0006207111678085157,0.03247596594613889,-2.44183191966862e-05,0.033072258794750745,0.9998123827392121,1.0,0.8382739212007506,8.237439033109695e-07,1.0285636165008327e-07,0.0494072298449352
batch1_0_127,4,7,"(4,7)",1.9297747355118833,0.08080934851662865,0.011544619567388826,0.4977999964093386,0.026685622626074136,40,0,-0.00021884338241902863,0.03498980117879191,-0.0003234231677879211,0.03444753462858492,0.9881801125703567,1.0,1.0,5.229458110989071e-07,1.3013037758469181e-07,0.0668003560450847
batch1_0_127,5,6,"(5,6)",0.007859882421319417,0.00566827077230745,0.0048608900329023255,0.01127712478474465,0.013781464910357078,40,0,0.0004360679598660413,0.0312689889435383,3.0503027625167737e-05,0.03173555993102954,1.0,1.0,0.8724202626641653,8.106526365736499e-07,1.0742760458981593e-08,0.0518947588400322
batch1_0_127,5,7,"(5,7)",0.029336364367745706,0.02524883114758815,0.0152583453833019,0.04660249046284258,0.020168029879666014,40,0,4.5270866214880726e-05,0.024862774765771575,0.0002231567714715835,0.025131202403458064,0.729080675422139,1.0,-0.5084427767354598,4.134242317377357e-07,4.500259809248064e-08,0.0102530448979212
batch1_0_127,6,7,"(6,7)",0.028845633621738486,0.015620389760213649,0.0119797366332468,0.04600854613016453,0.015157450925003268,40,0,0.00029733261514817776,0.04353716262003191,0.00024622172416566295,0.04408071695934579,0.90187617260788,1.0,0.23939962476547844,6.174777809064835e-07,4.914648865650406e-08,0.0592475095194602
batch2_128_255,0,1,"(0,1)",0.11335250808328354,0.041878297286015956,0.0024898945524425,0.12714160778634065,0.04032020816227409,40,0,0.00023593752127923202,0.0013472339810517726,-0.0005638213702241028,0.0010193501321069276,0.9924953095684804,0.9761726078799251,0.9906191369606004,1.4084469057706886e-07,4.090269101197919e-08,0.0083195292889198
batch2_128_255,0,2,"(0,2)",0.0395366278986151,0.029735859422500698,0.005558351230118625,0.0365692355038149,0.02184764099090484,40,0,0.00044940321781827537,-0.0006917814524213068,0.0002890264205233972,4.664818592041917e-05,0.9998123827392121,1.0,0.15853658536585366,3.462484698957269e-07,7.70393171478645e-08,0.0242333638710821
batch2_128_255,0,3,"(0,3)",0.04087134731074761,0.02361327487939175,0.016112633546820927,0.03645303055591592,0.02309549725577029,40,0,0.000384814834511355,0.004051966570070929,-0.0005602886495466693,0.0038764927550356473,0.9975609756097563,1.0,0.9994371482176362,2.2264070231869937e-07,6.137520358606707e-08,0.0196590253779013
batch2_128_255,0,4,"(0,4)",0.0400223381134438,0.0252205944206761,0.00358573428832225,0.035131404751647624,0.023304086533759174,40,0,0.0004630983447851393,0.00320194190835719,-0.0002843132819634727,0.0033807269711788783,0.90375234521576,0.9977485928705443,0.927204502814259,5.196018264541635e-07,9.174881654416822e-08,0.0112373772954573
batch2_128_255,0,5,"(0,5)",0.049754222187086465,0.014924260027694349,0.006150174808645825,0.026758234415821324,0.020996664232706682,40,0,0.00027593788779311016,0.00035723640643113493,0.00113512226307643,0.001768296557300765,0.7005628517823641,0.9975609756097563,-0.31763602251407136,1.4432930584007408e-07,3.623521038775834e-08,0.0147385773637227
batch2_128_255,0,6,"(0,6)",0.07428678602666268,0.02258494769040645,0.0206846920816753,0.029977607944739353,0.023484855373268772,40,0,0.0005969151210247775,0.018208711930175654,0.0004931949835735826,0.019298822034774104,0.9637898686679174,0.9943714821763603,-0.1279549718574109,6.80769744576537e-07,6.441317879080088e-08,0.0253853825804864
batch2_128_255,0,7,"(0,7)",0.021427409649099803,0.01873231773223815,0.014727802368694774,0.021455561372257074,0.020186584658434484,40,0,0.0003241723744387932,0.012551481887007504,0.00019874499048452648,0.013074399251930869,0.9590994371482177,0.9981238273921202,0.8953095684803002,2.38660959439585e-07,6.887692904911093e-08,0.0076735428213638
batch2_128_255,1,2,"(1,2)",0.3168855657326318,0.056889056720217254,0.030018492459899723,0.07242720298333136,0.037942246549695094,40,0,0.00020464697122671372,0.007884041661367448,-6.194656716612971e-05,0.008026742065428017,0.998874296435272,0.9998123827392121,0.7744840525328331,2.4296775791299297e-07,4.6498776384851226e-08,0.0104978426984527
batch2_128_255,1,3,"(1,3)",0.19087160417335713,0.0404237947624881,0.026523709078965948,0.06735370244837002,0.04228776726888727,40,0,0.00018314642091315443,0.0009848844681309599,-0.001599579839853462,-0.00043154895080936876,0.9971857410881801,0.9887429643527205,0.9971857410881801,4.288625170545402e-07,8.367966586320108e-08,0.0085089574640349
batch2_128_255,1,4,"(1,4)",0.06504869210393419,0.04204772395907455,0.019334433011388548,0.10930871859671035,0.034372298728896265,40,0,-9.593829037461219e-05,0.011041169304478212,-0.0015923434993964896,0.009352887514707078,0.9463414634146343,0.9429643527204503,0.9076923076923077,3.5155770916617257e-07,8.568987297508102e-08,0.0383714561417699
batch2_128_255,1,5,"(1,5)",0.28378211099783546,0.0379456205378156,0.021692822829532173,0.085038870930992,0.042296383816687454,40,0,2.535950207033128e-05,0.00534789844490769,0.00010808834296083158,0.005481346289938874,0.9750469043151971,0.9983114446529082,0.7243902439024391,1.1771828667406227e-07,4.1043788812089594e-08,0.0064187459529111
batch2_128_255,1,6,"(1,6)",0.07455313425003358,0.028274461103411253,0.016609990612034824,0.12271366966308633,0.019177991197203485,40,0,0.0003752532694380494,0.02277033657654584,-0.0003413396863237268,0.022804250159660155,0.9990619136960602,1.0,0.727016885553471,4.257815362507245e-07,4.770322037384034e-08,0.0528266549180909
batch2_128_255,1,7,"(1,7)",0.12857416583546866,0.01392363831343885,0.009543863627073676,0.03927658287296415,0.016259698645419176,40,0,0.00017647461429271872,0.020846607090253527,-0.00023364124534451316,0.02078944045920173,1.0,1.0,1.0,3.000659489771351e-07,5.554532833684789e-08,0.0188206814841536
batch2_128_255,2,3,"(2,3)",0.8938007787784679,0.01747397379258285,0.0149935867026011,0.01923001241093695,0.0175150884991611,40,0,0.0002639907129975682,0.011556175090261678,-0.0005292491537147493,0.011290916649544486,1.0,1.0,0.9941838649155723,2.213278094131965e-07,4.365531225403175e-08,0.0274224247978311
batch2_128_255,2,4,"(2,4)",0.04603321360014816,0.0224233845345029,0.008759468101755475,0.026233260852597976,0.01676149482905132,40,0,0.00037651899709148376,-0.004542020911441982,-0.001662833417094578,-0.005828335331445071,0.9992495309568482,0.9994371482176362,0.8330206378986867,3.98289103031857e-07,1.6129067148540344e-07,0.0346790990138174
batch2_128_255,2,5,"(2,5)",0.022549364331133238,0.020573238746495102,0.011654282979268075,0.02342055343121385,0.02066975515020467,40,0,0.0002897315239482209,0.015343728978665028,0.0013778875247225624,0.017011348027335886,0.9848030018761728,0.9981238273921202,-0.6330206378986868,3.171378466504393e-07,5.749142140132335e-08,0.018150290109535
batch2_128_255,2,6,"(2,6)",0.022110377700861748,0.0176530838347922,0.0104884858599261,0.02543884736954165,0.016425463609626035,40,0,0.0004951700585891784,0.0318037339885802,0.00038383278742909526,0.03268273683459852,0.9996247654784242,0.9998123827392121,-0.6966228893058163,5.356287147151306e-07,6.623817228046391e-08,0.0268463764463706
batch2_128_255,2,7,"(2,7)",0.1268877291675526,0.05812124087721225,0.031227951867135673,0.2640086826165496,0.05625515094831357,40,0,-0.00019657034211205564,0.012241310844383822,0.00042608856147121753,0.012470829063743024,0.6883677298311446,0.9975609756097563,-0.5069418386491559,4.832174624880281e-07,1.8589534533930419e-07,0.0288257311774571
batch2_128_255,3,4,"(3,4)",0.03560628307016897,0.0214720747638094,0.0040677170667107,0.030863422593732,0.02015889620954659,40,0,0.0005063281394290488,0.008852244272204506,-8.317717922636272e-05,0.009275395232407222,0.9452157598499064,0.9986866791744841,0.602439024390244,3.7410336517496045e-07,7.499430410007335e-08,0.0104328922110476
batch2_128_255,3,5,"(3,5)",0.020174486547245556,0.01255557680809655,0.005472048757157325,0.018682394488173975,0.012748572787170698,40,0,0.00017669330555800588,0.01866217974032764,-0.00044734775991626534,0.01839152528596938,1.0,1.0,0.9902439024390247,1.2435043572622817e-07,2.540711818710406e-08,0.0113817043171979
batch2_128_255,3,6,"(3,6)",0.020947087114911996,0.01451245394294405,0.0081121845908288,0.024999220315779325,0.014991759285304579,40,0,0.00036095615053355015,0.035498993672792065,-0.0002678805451864338,0.035592069278139155,1.0,1.0,0.9868667917448407,4.770340638060588e-07,4.1647805204547694e-08,0.0290217187023011
batch2_128_255,3,7,"(3,7)",0.30314924314835007,0.0525090109982104,0.022197952681616624,0.49734564919866825,0.055997316528867386,40,0,-0.00025537735260403266,0.016398002450646827,-0.0007746862131625203,0.015367938884880254,0.9986866791744841,0.9969981238273923,0.9975609756097563,4.937656754577802e-07,1.6583720352514322e-07,0.0109766654840733
batch2_128_255,4,5,"(4,5)",0.047033900613423565,0.0147129381207059,0.008823363297153851,0.03023019080959705,0.015040146040807398,40,0,0.000307290576682961,0.02534319020151201,-0.0005232690512911914,0.025127211726903798,1.0,1.0,0.8876172607879926,4.7099319999688316e-07,3.981148211096297e-08,0.0159860219112966
batch2_128_255,4,6,"(4,6)",0.1300003483593787,0.02031189235194085,0.01632269297202425,0.1014617412197322,0.02268202334486515,40,0,0.0004368924973828455,0.03225198964630447,-0.0005360158087114375,0.03215286633497588,0.9564727954971858,0.9984990619136962,0.9538461538461541,6.166701496113092e-07,1.1756836926224426e-07,0.0474409643927093
batch2_128_255,4,7,"(4,7)",0.4677971890968319,0.0530593824250581,0.0111816676827382,0.3763821515058396,0.030496657688485484,40,0,-0.0003517075400578853,0.03388675582207508,-0.0008259141239704686,0.03270913415804669,0.9990619136960602,0.9998123827392121,0.9992495309568482,6.062191459932365e-07,1.642484925845622e-07,0.0377492314659246
batch2_128_255,5,6,"(5,6)",0.0061164855565268555,0.0028569815574093,0.0008748941991787,0.009716557131546,0.013170046243145007,40,0,0.0004318484431588836,0.032278964945570185,0.00017672563398034102,0.03288753902270947,0.9977485928705443,1.0,0.9054409005628519,7.944515800772933e-07,1.8195760898009894e-08,0.0333684373673461
batch2_128_255,5,7,"(5,7)",0.013892338472067505,0.015173658744988699,0.010870820684086901,0.018593404214762552,0.013868038479783157,40,0,0.00015990137832045157,0.02587288132404462,0.00017325020109805494,0.026206032903463163,0.677673545966229,1.0,0.03677298311444653,2.524994897612487e-07,3.032843665096152e-08,0.0100445805594551
batch2_128_255,6,7,"(6,7)",0.01912328012723023,0.0144399667099126,0.008825314185831,0.028820659120084025,0.01338014655824001,40,0,0.00032433196843829204,0.04557404239232753,0.00017281975286206167,0.04607119411362792,0.928517823639775,1.0,-0.4043151969981239,9.893087735690642e-07,4.8108057981721686e-08,0.0464273146904589
