batch,pair,k,expected_zero_gA_n,expected_zero_gL_n,expected_zero_nonzero_contribution_n,Z_nonselected_L1_E,Z_downstream
batch1_0_127,"(0,1)",0,4,24,0,0.0,0.0
batch1_0_127,"(0,1)",1,4,24,0,0.0,0.0
batch1_0_127,"(0,1)",2,4,24,0,0.0,0.0
batch1_0_127,"(0,1)",3,4,24,0,0.0,0.0
batch1_0_127,"(0,1)",4,4,24,0,0.0,0.0
batch1_0_127,"(0,1)",5,4,24,0,0.0,0.0
batch1_0_127,"(0,1)",6,4,24,0,0.0,0.0
batch1_0_127,"(0,1)",7,4,24,0,0.0,0.0
batch1_0_127,"(0,1)",8,4,24,0,0.0,0.0
batch1_0_127,"(0,1)",9,4,24,0,0.0,0.0
batch1_0_127,"(0,1)",10,4,24,0,0.0,0.0
batch1_0_127,"(0,1)",11,4,24,0,0.0,0.0
batch1_0_127,"(0,1)",12,4,24,0,0.0,0.0
batch1_0_127,"(0,1)",13,4,24,0,0.0,0.0
batch1_0_127,"(0,1)",14,4,24,0,0.0,0.0
batch1_0_127,"(0,1)",15,4,24,0,0.0,0.0
batch1_0_127,"(0,1)",16,4,24,0,0.0,0.0
batch1_0_127,"(0,1)",17,4,24,0,0.0,0.0
batch1_0_127,"(0,1)",18,4,24,0,0.0,0.0
batch1_0_127,"(0,1)",19,4,24,0,0.0,0.0
batch1_0_127,"(0,1)",20,4,24,0,0.0,0.0
batch1_0_127,"(0,1)",21,4,24,0,0.0,0.0
batch1_0_127,"(0,1)",22,4,24,0,0.0,0.0
batch1_0_127,"(0,1)",23,4,24,0,0.0,0.0
batch1_0_127,"(0,1)",24,4,24,0,0.0,0.0
batch1_0_127,"(0,1)",25,4,24,0,0.0,0.0
batch1_0_127,"(0,1)",26,4,24,0,0.0,0.0
batch1_0_127,"(0,1)",27,4,24,0,0.0,0.0
batch1_0_127,"(0,1)",28,4,24,0,0.0,0.0
batch1_0_127,"(0,1)",29,4,24,0,0.0,0.0
batch1_0_127,"(0,1)",30,4,24,0,0.0,0.0
batch1_0_127,"(0,1)",31,4,24,0,0.0,0.0
batch1_0_127,"(0,1)",32,4,24,0,0.0,0.0
batch1_0_127,"(0,1)",33,4,24,0,0.0,0.0
batch1_0_127,"(0,1)",34,4,24,0,0.0,0.0
batch1_0_127,"(0,1)",35,4,24,0,0.0,0.0
batch1_0_127,"(0,1)",36,4,24,0,0.0,0.0
batch1_0_127,"(0,1)",37,4,24,0,0.0,0.0
batch1_0_127,"(0,1)",38,4,24,0,0.0,0.0
batch1_0_127,"(0,1)",39,4,24,0,0.0,0.0
batch1_0_127,"(0,2)",0,4,24,0,0.0,0.0
batch1_0_127,"(0,2)",1,4,24,0,0.0,0.0
batch1_0_127,"(0,2)",2,4,24,0,0.0,0.0
batch1_0_127,"(0,2)",3,4,24,0,0.0,0.0
batch1_0_127,"(0,2)",4,4,24,0,0.0,0.0
batch1_0_127,"(0,2)",5,4,24,0,0.0,0.0
batch1_0_127,"(0,2)",6,4,24,0,0.0,0.0
batch1_0_127,"(0,2)",7,4,24,0,0.0,0.0
batch1_0_127,"(0,2)",8,4,24,0,0.0,0.0
batch1_0_127,"(0,2)",9,4,24,0,0.0,0.0
batch1_0_127,"(0,2)",10,4,24,0,0.0,0.0
batch1_0_127,"(0,2)",11,4,24,0,0.0,0.0
batch1_0_127,"(0,2)",12,4,24,0,0.0,0.0
batch1_0_127,"(0,2)",13,4,24,0,0.0,0.0
batch1_0_127,"(0,2)",14,4,24,0,0.0,0.0
batch1_0_127,"(0,2)",15,4,24,0,0.0,0.0
batch1_0_127,"(0,2)",16,4,24,0,0.0,0.0
batch1_0_127,"(0,2)",17,4,24,0,0.0,0.0
batch1_0_127,"(0,2)",18,4,24,0,0.0,0.0
batch1_0_127,"(0,2)",19,4,24,0,0.0,0.0
batch1_0_127,"(0,2)",20,4,24,0,0.0,0.0
batch1_0_127,"(0,2)",21,4,24,0,0.0,0.0
batch1_0_127,"(0,2)",22,4,24,0,0.0,0.0
batch1_0_127,"(0,2)",23,4,24,0,0.0,0.0
batch1_0_127,"(0,2)",24,4,24,0,0.0,0.0
batch1_0_127,"(0,2)",25,4,24,0,0.0,0.0
batch1_0_127,"(0,2)",26,4,24,0,0.0,0.0
batch1_0_127,"(0,2)",27,4,24,0,0.0,0.0
batch1_0_127,"(0,2)",28,4,24,0,0.0,0.0
batch1_0_127,"(0,2)",29,4,24,0,0.0,0.0
batch1_0_127,"(0,2)",30,4,24,0,0.0,0.0
batch1_0_127,"(0,2)",31,4,24,0,0.0,0.0
batch1_0_127,"(0,2)",32,4,24,0,0.0,0.0
batch1_0_127,"(0,2)",33,4,24,0,0.0,0.0
batch1_0_127,"(0,2)",34,4,24,0,0.0,0.0
batch1_0_127,"(0,2)",35,4,24,0,0.0,0.0
batch1_0_127,"(0,2)",36,4,24,0,0.0,0.0
batch1_0_127,"(0,2)",37,4,24,0,0.0,0.0
batch1_0_127,"(0,2)",38,4,24,0,0.0,0.0
batch1_0_127,"(0,2)",39,4,24,0,0.0,0.0
batch1_0_127,"(0,3)",0,4,24,0,0.0,0.0
batch1_0_127,"(0,3)",1,4,24,0,0.0,0.0
batch1_0_127,"(0,3)",2,4,24,0,0.0,0.0
batch1_0_127,"(0,3)",3,4,24,0,0.0,0.0
batch1_0_127,"(0,3)",4,4,24,0,0.0,0.0
batch1_0_127,"(0,3)",5,4,24,0,0.0,0.0
batch1_0_127,"(0,3)",6,4,24,0,0.0,0.0
batch1_0_127,"(0,3)",7,4,24,0,0.0,0.0
batch1_0_127,"(0,3)",8,4,24,0,0.0,0.0
batch1_0_127,"(0,3)",9,4,24,0,0.0,0.0
batch1_0_127,"(0,3)",10,4,24,0,0.0,0.0
batch1_0_127,"(0,3)",11,4,24,0,0.0,0.0
batch1_0_127,"(0,3)",12,4,24,0,0.0,0.0
batch1_0_127,"(0,3)",13,4,24,0,0.0,0.0
batch1_0_127,"(0,3)",14,4,24,0,0.0,0.0
batch1_0_127,"(0,3)",15,4,24,0,0.0,0.0
batch1_0_127,"(0,3)",16,4,24,0,0.0,0.0
batch1_0_127,"(0,3)",17,4,24,0,0.0,0.0
batch1_0_127,"(0,3)",18,4,24,0,0.0,0.0
batch1_0_127,"(0,3)",19,4,24,0,0.0,0.0
batch1_0_127,"(0,3)",20,4,24,0,0.0,0.0
batch1_0_127,"(0,3)",21,4,24,0,0.0,0.0
batch1_0_127,"(0,3)",22,4,24,0,0.0,0.0
batch1_0_127,"(0,3)",23,4,24,0,0.0,0.0
batch1_0_127,"(0,3)",24,4,24,0,0.0,0.0
batch1_0_127,"(0,3)",25,4,24,0,0.0,0.0
batch1_0_127,"(0,3)",26,4,24,0,0.0,0.0
batch1_0_127,"(0,3)",27,4,24,0,0.0,0.0
batch1_0_127,"(0,3)",28,4,24,0,0.0,0.0
batch1_0_127,"(0,3)",29,4,24,0,0.0,0.0
batch1_0_127,"(0,3)",30,4,24,0,0.0,0.0
batch1_0_127,"(0,3)",31,4,24,0,0.0,0.0
batch1_0_127,"(0,3)",32,4,24,0,0.0,0.0
batch1_0_127,"(0,3)",33,4,24,0,0.0,0.0
batch1_0_127,"(0,3)",34,4,24,0,0.0,0.0
batch1_0_127,"(0,3)",35,4,24,0,0.0,0.0
batch1_0_127,"(0,3)",36,4,24,0,0.0,0.0
batch1_0_127,"(0,3)",37,4,24,0,0.0,0.0
batch1_0_127,"(0,3)",38,4,24,0,0.0,0.0
batch1_0_127,"(0,3)",39,4,24,0,0.0,0.0
batch1_0_127,"(0,4)",0,4,24,0,0.0,0.0
batch1_0_127,"(0,4)",1,4,24,0,0.0,0.0
batch1_0_127,"(0,4)",2,4,24,0,0.0,0.0
batch1_0_127,"(0,4)",3,4,24,0,0.0,0.0
batch1_0_127,"(0,4)",4,4,24,0,0.0,0.0
batch1_0_127,"(0,4)",5,4,24,0,0.0,0.0
batch1_0_127,"(0,4)",6,4,24,0,0.0,0.0
batch1_0_127,"(0,4)",7,4,24,0,0.0,0.0
batch1_0_127,"(0,4)",8,4,24,0,0.0,0.0
batch1_0_127,"(0,4)",9,4,24,0,0.0,0.0
batch1_0_127,"(0,4)",10,4,24,0,0.0,0.0
batch1_0_127,"(0,4)",11,4,24,0,0.0,0.0
batch1_0_127,"(0,4)",12,4,24,0,0.0,0.0
batch1_0_127,"(0,4)",13,4,24,0,0.0,0.0
batch1_0_127,"(0,4)",14,4,24,0,0.0,0.0
batch1_0_127,"(0,4)",15,4,24,0,0.0,0.0
batch1_0_127,"(0,4)",16,4,24,0,0.0,0.0
batch1_0_127,"(0,4)",17,4,24,0,0.0,0.0
batch1_0_127,"(0,4)",18,4,24,0,0.0,0.0
batch1_0_127,"(0,4)",19,4,24,0,0.0,0.0
batch1_0_127,"(0,4)",20,4,24,0,0.0,0.0
batch1_0_127,"(0,4)",21,4,24,0,0.0,0.0
batch1_0_127,"(0,4)",22,4,24,0,0.0,0.0
batch1_0_127,"(0,4)",23,4,24,0,0.0,0.0
batch1_0_127,"(0,4)",24,4,24,0,0.0,0.0
batch1_0_127,"(0,4)",25,4,24,0,0.0,0.0
batch1_0_127,"(0,4)",26,4,24,0,0.0,0.0
batch1_0_127,"(0,4)",27,4,24,0,0.0,0.0
batch1_0_127,"(0,4)",28,4,24,0,0.0,0.0
batch1_0_127,"(0,4)",29,4,24,0,0.0,0.0
batch1_0_127,"(0,4)",30,4,24,0,0.0,0.0
batch1_0_127,"(0,4)",31,4,24,0,0.0,0.0
batch1_0_127,"(0,4)",32,4,24,0,0.0,0.0
batch1_0_127,"(0,4)",33,4,24,0,0.0,0.0
batch1_0_127,"(0,4)",34,4,24,0,0.0,0.0
batch1_0_127,"(0,4)",35,4,24,0,0.0,0.0
batch1_0_127,"(0,4)",36,4,24,0,0.0,0.0
batch1_0_127,"(0,4)",37,4,24,0,0.0,0.0
batch1_0_127,"(0,4)",38,4,24,0,0.0,0.0
batch1_0_127,"(0,4)",39,4,24,0,0.0,0.0
batch1_0_127,"(0,5)",0,4,24,0,0.0,0.0
batch1_0_127,"(0,5)",1,4,24,0,0.0,0.0
batch1_0_127,"(0,5)",2,4,24,0,0.0,0.0
batch1_0_127,"(0,5)",3,4,24,0,0.0,0.0
batch1_0_127,"(0,5)",4,4,24,0,0.0,0.0
batch1_0_127,"(0,5)",5,4,24,0,0.0,0.0
batch1_0_127,"(0,5)",6,4,24,0,0.0,0.0
batch1_0_127,"(0,5)",7,4,24,0,0.0,0.0
batch1_0_127,"(0,5)",8,4,24,0,0.0,0.0
batch1_0_127,"(0,5)",9,4,24,0,0.0,0.0
batch1_0_127,"(0,5)",10,4,24,0,0.0,0.0
batch1_0_127,"(0,5)",11,4,24,0,0.0,0.0
batch1_0_127,"(0,5)",12,4,24,0,0.0,0.0
batch1_0_127,"(0,5)",13,4,24,0,0.0,0.0
batch1_0_127,"(0,5)",14,4,24,0,0.0,0.0
batch1_0_127,"(0,5)",15,4,24,0,0.0,0.0
batch1_0_127,"(0,5)",16,4,24,0,0.0,0.0
batch1_0_127,"(0,5)",17,4,24,0,0.0,0.0
batch1_0_127,"(0,5)",18,4,24,0,0.0,0.0
batch1_0_127,"(0,5)",19,4,24,0,0.0,0.0
batch1_0_127,"(0,5)",20,4,24,0,0.0,0.0
batch1_0_127,"(0,5)",21,4,24,0,0.0,0.0
batch1_0_127,"(0,5)",22,4,24,0,0.0,0.0
batch1_0_127,"(0,5)",23,4,24,0,0.0,0.0
batch1_0_127,"(0,5)",24,4,24,0,0.0,0.0
batch1_0_127,"(0,5)",25,4,24,0,0.0,0.0
batch1_0_127,"(0,5)",26,4,24,0,0.0,0.0
batch1_0_127,"(0,5)",27,4,24,0,0.0,0.0
batch1_0_127,"(0,5)",28,4,24,0,0.0,0.0
batch1_0_127,"(0,5)",29,4,24,0,0.0,0.0
batch1_0_127,"(0,5)",30,4,24,0,0.0,0.0
batch1_0_127,"(0,5)",31,4,24,0,0.0,0.0
batch1_0_127,"(0,5)",32,4,24,0,0.0,0.0
batch1_0_127,"(0,5)",33,4,24,0,0.0,0.0
batch1_0_127,"(0,5)",34,4,24,0,0.0,0.0
batch1_0_127,"(0,5)",35,4,24,0,0.0,0.0
batch1_0_127,"(0,5)",36,4,24,0,0.0,0.0
batch1_0_127,"(0,5)",37,4,24,0,0.0,0.0
batch1_0_127,"(0,5)",38,4,24,0,0.0,0.0
batch1_0_127,"(0,5)",39,4,24,0,0.0,0.0
batch1_0_127,"(0,6)",0,4,24,0,0.0,0.0
batch1_0_127,"(0,6)",1,4,24,0,0.0,0.0
batch1_0_127,"(0,6)",2,4,24,0,0.0,0.0
batch1_0_127,"(0,6)",3,4,24,0,0.0,0.0
batch1_0_127,"(0,6)",4,4,24,0,0.0,0.0
batch1_0_127,"(0,6)",5,4,24,0,0.0,0.0
batch1_0_127,"(0,6)",6,4,24,0,0.0,0.0
batch1_0_127,"(0,6)",7,4,24,0,0.0,0.0
batch1_0_127,"(0,6)",8,4,24,0,0.0,0.0
batch1_0_127,"(0,6)",9,4,24,0,0.0,0.0
batch1_0_127,"(0,6)",10,4,24,0,0.0,0.0
batch1_0_127,"(0,6)",11,4,24,0,0.0,0.0
batch1_0_127,"(0,6)",12,4,24,0,0.0,0.0
batch1_0_127,"(0,6)",13,4,24,0,0.0,0.0
batch1_0_127,"(0,6)",14,4,24,0,0.0,0.0
batch1_0_127,"(0,6)",15,4,24,0,0.0,0.0
batch1_0_127,"(0,6)",16,4,24,0,0.0,0.0
batch1_0_127,"(0,6)",17,4,24,0,0.0,0.0
batch1_0_127,"(0,6)",18,4,24,0,0.0,0.0
batch1_0_127,"(0,6)",19,4,24,0,0.0,0.0
batch1_0_127,"(0,6)",20,4,24,0,0.0,0.0
batch1_0_127,"(0,6)",21,4,24,0,0.0,0.0
batch1_0_127,"(0,6)",22,4,24,0,0.0,0.0
batch1_0_127,"(0,6)",23,4,24,0,0.0,0.0
batch1_0_127,"(0,6)",24,4,24,0,0.0,0.0
batch1_0_127,"(0,6)",25,4,24,0,0.0,0.0
batch1_0_127,"(0,6)",26,4,24,0,0.0,0.0
batch1_0_127,"(0,6)",27,4,24,0,0.0,0.0
batch1_0_127,"(0,6)",28,4,24,0,0.0,0.0
batch1_0_127,"(0,6)",29,4,24,0,0.0,0.0
batch1_0_127,"(0,6)",30,4,24,0,0.0,0.0
batch1_0_127,"(0,6)",31,4,24,0,0.0,0.0
batch1_0_127,"(0,6)",32,4,24,0,0.0,0.0
batch1_0_127,"(0,6)",33,4,24,0,0.0,0.0
batch1_0_127,"(0,6)",34,4,24,0,0.0,0.0
batch1_0_127,"(0,6)",35,4,24,0,0.0,0.0
batch1_0_127,"(0,6)",36,4,24,0,0.0,0.0
batch1_0_127,"(0,6)",37,4,24,0,0.0,0.0
batch1_0_127,"(0,6)",38,4,24,0,0.0,0.0
batch1_0_127,"(0,6)",39,4,24,0,0.0,0.0
batch1_0_127,"(0,7)",0,4,24,0,0.0,0.0
batch1_0_127,"(0,7)",1,4,24,0,0.0,0.0
batch1_0_127,"(0,7)",2,4,24,0,0.0,0.0
batch1_0_127,"(0,7)",3,4,24,0,0.0,0.0
batch1_0_127,"(0,7)",4,4,24,0,0.0,0.0
batch1_0_127,"(0,7)",5,4,24,0,0.0,0.0
batch1_0_127,"(0,7)",6,4,24,0,0.0,0.0
batch1_0_127,"(0,7)",7,4,24,0,0.0,0.0
batch1_0_127,"(0,7)",8,4,24,0,0.0,0.0
batch1_0_127,"(0,7)",9,4,24,0,0.0,0.0
batch1_0_127,"(0,7)",10,4,24,0,0.0,0.0
batch1_0_127,"(0,7)",11,4,24,0,0.0,0.0
batch1_0_127,"(0,7)",12,4,24,0,0.0,0.0
batch1_0_127,"(0,7)",13,4,24,0,0.0,0.0
batch1_0_127,"(0,7)",14,4,24,0,0.0,0.0
batch1_0_127,"(0,7)",15,4,24,0,0.0,0.0
batch1_0_127,"(0,7)",16,4,24,0,0.0,0.0
batch1_0_127,"(0,7)",17,4,24,0,0.0,0.0
batch1_0_127,"(0,7)",18,4,24,0,0.0,0.0
batch1_0_127,"(0,7)",19,4,24,0,0.0,0.0
batch1_0_127,"(0,7)",20,4,24,0,0.0,0.0
batch1_0_127,"(0,7)",21,4,24,0,0.0,0.0
batch1_0_127,"(0,7)",22,4,24,0,0.0,0.0
batch1_0_127,"(0,7)",23,4,24,0,0.0,0.0
batch1_0_127,"(0,7)",24,4,24,0,0.0,0.0
batch1_0_127,"(0,7)",25,4,24,0,0.0,0.0
batch1_0_127,"(0,7)",26,4,24,0,0.0,0.0
batch1_0_127,"(0,7)",27,4,24,0,0.0,0.0
batch1_0_127,"(0,7)",28,4,24,0,0.0,0.0
batch1_0_127,"(0,7)",29,4,24,0,0.0,0.0
batch1_0_127,"(0,7)",30,4,24,0,0.0,0.0
batch1_0_127,"(0,7)",31,4,24,0,0.0,0.0
batch1_0_127,"(0,7)",32,4,24,0,0.0,0.0
batch1_0_127,"(0,7)",33,4,24,0,0.0,0.0
batch1_0_127,"(0,7)",34,4,24,0,0.0,0.0
batch1_0_127,"(0,7)",35,4,24,0,0.0,0.0
batch1_0_127,"(0,7)",36,4,24,0,0.0,0.0
batch1_0_127,"(0,7)",37,4,24,0,0.0,0.0
batch1_0_127,"(0,7)",38,4,24,0,0.0,0.0
batch1_0_127,"(0,7)",39,4,24,0,0.0,0.0
batch1_0_127,"(1,2)",0,4,24,0,0.0,0.0
batch1_0_127,"(1,2)",1,4,24,0,0.0,0.0
batch1_0_127,"(1,2)",2,4,24,0,0.0,0.0
batch1_0_127,"(1,2)",3,4,24,0,0.0,0.0
batch1_0_127,"(1,2)",4,4,24,0,0.0,0.0
batch1_0_127,"(1,2)",5,4,24,0,0.0,0.0
batch1_0_127,"(1,2)",6,4,24,0,0.0,0.0
batch1_0_127,"(1,2)",7,4,24,0,0.0,0.0
batch1_0_127,"(1,2)",8,4,24,0,0.0,0.0
batch1_0_127,"(1,2)",9,4,24,0,0.0,0.0
batch1_0_127,"(1,2)",10,4,24,0,0.0,0.0
batch1_0_127,"(1,2)",11,4,24,0,0.0,0.0
batch1_0_127,"(1,2)",12,4,24,0,0.0,0.0
batch1_0_127,"(1,2)",13,4,24,0,0.0,0.0
batch1_0_127,"(1,2)",14,4,24,0,0.0,0.0
batch1_0_127,"(1,2)",15,4,24,0,0.0,0.0
batch1_0_127,"(1,2)",16,4,24,0,0.0,0.0
batch1_0_127,"(1,2)",17,4,24,0,0.0,0.0
batch1_0_127,"(1,2)",18,4,24,0,0.0,0.0
batch1_0_127,"(1,2)",19,4,24,0,0.0,0.0
batch1_0_127,"(1,2)",20,4,24,0,0.0,0.0
batch1_0_127,"(1,2)",21,4,24,0,0.0,0.0
batch1_0_127,"(1,2)",22,4,24,0,0.0,0.0
batch1_0_127,"(1,2)",23,4,24,0,0.0,0.0
batch1_0_127,"(1,2)",24,4,24,0,0.0,0.0
batch1_0_127,"(1,2)",25,4,24,0,0.0,0.0
batch1_0_127,"(1,2)",26,4,24,0,0.0,0.0
batch1_0_127,"(1,2)",27,4,24,0,0.0,0.0
batch1_0_127,"(1,2)",28,4,24,0,0.0,0.0
batch1_0_127,"(1,2)",29,4,24,0,0.0,0.0
batch1_0_127,"(1,2)",30,4,24,0,0.0,0.0
batch1_0_127,"(1,2)",31,4,24,0,0.0,0.0
batch1_0_127,"(1,2)",32,4,24,0,0.0,0.0
batch1_0_127,"(1,2)",33,4,24,0,0.0,0.0
batch1_0_127,"(1,2)",34,4,24,0,0.0,0.0
batch1_0_127,"(1,2)",35,4,24,0,0.0,0.0
batch1_0_127,"(1,2)",36,4,24,0,0.0,0.0
batch1_0_127,"(1,2)",37,4,24,0,0.0,0.0
batch1_0_127,"(1,2)",38,4,24,0,0.0,0.0
batch1_0_127,"(1,2)",39,4,24,0,0.0,0.0
batch1_0_127,"(1,3)",0,4,24,0,0.0,0.0
batch1_0_127,"(1,3)",1,4,24,0,0.0,0.0
batch1_0_127,"(1,3)",2,4,24,0,0.0,0.0
batch1_0_127,"(1,3)",3,4,24,0,0.0,0.0
batch1_0_127,"(1,3)",4,4,24,0,0.0,0.0
batch1_0_127,"(1,3)",5,4,24,0,0.0,0.0
batch1_0_127,"(1,3)",6,4,24,0,0.0,0.0
batch1_0_127,"(1,3)",7,4,24,0,0.0,0.0
batch1_0_127,"(1,3)",8,4,24,0,0.0,0.0
batch1_0_127,"(1,3)",9,4,24,0,0.0,0.0
batch1_0_127,"(1,3)",10,4,24,0,0.0,0.0
batch1_0_127,"(1,3)",11,4,24,0,0.0,0.0
batch1_0_127,"(1,3)",12,4,24,0,0.0,0.0
batch1_0_127,"(1,3)",13,4,24,0,0.0,0.0
batch1_0_127,"(1,3)",14,4,24,0,0.0,0.0
batch1_0_127,"(1,3)",15,4,24,0,0.0,0.0
batch1_0_127,"(1,3)",16,4,24,0,0.0,0.0
batch1_0_127,"(1,3)",17,4,24,0,0.0,0.0
batch1_0_127,"(1,3)",18,4,24,0,0.0,0.0
batch1_0_127,"(1,3)",19,4,24,0,0.0,0.0
batch1_0_127,"(1,3)",20,4,24,0,0.0,0.0
batch1_0_127,"(1,3)",21,4,24,0,0.0,0.0
batch1_0_127,"(1,3)",22,4,24,0,0.0,0.0
batch1_0_127,"(1,3)",23,4,24,0,0.0,0.0
batch1_0_127,"(1,3)",24,4,24,0,0.0,0.0
batch1_0_127,"(1,3)",25,4,24,0,0.0,0.0
batch1_0_127,"(1,3)",26,4,24,0,0.0,0.0
batch1_0_127,"(1,3)",27,4,24,0,0.0,0.0
batch1_0_127,"(1,3)",28,4,24,0,0.0,0.0
batch1_0_127,"(1,3)",29,4,24,0,0.0,0.0
batch1_0_127,"(1,3)",30,4,24,0,0.0,0.0
batch1_0_127,"(1,3)",31,4,24,0,0.0,0.0
batch1_0_127,"(1,3)",32,4,24,0,0.0,0.0
batch1_0_127,"(1,3)",33,4,24,0,0.0,0.0
batch1_0_127,"(1,3)",34,4,24,0,0.0,0.0
batch1_0_127,"(1,3)",35,4,24,0,0.0,0.0
batch1_0_127,"(1,3)",36,4,24,0,0.0,0.0
batch1_0_127,"(1,3)",37,4,24,0,0.0,0.0
batch1_0_127,"(1,3)",38,4,24,0,0.0,0.0
batch1_0_127,"(1,3)",39,4,24,0,0.0,0.0
batch1_0_127,"(1,4)",0,4,24,0,0.0,0.0
batch1_0_127,"(1,4)",1,4,24,0,0.0,0.0
batch1_0_127,"(1,4)",2,4,24,0,0.0,0.0
batch1_0_127,"(1,4)",3,4,24,0,0.0,0.0
batch1_0_127,"(1,4)",4,4,24,0,0.0,0.0
batch1_0_127,"(1,4)",5,4,24,0,0.0,0.0
batch1_0_127,"(1,4)",6,4,24,0,0.0,0.0
batch1_0_127,"(1,4)",7,4,24,0,0.0,0.0
batch1_0_127,"(1,4)",8,4,24,0,0.0,0.0
batch1_0_127,"(1,4)",9,4,24,0,0.0,0.0
batch1_0_127,"(1,4)",10,4,24,0,0.0,0.0
batch1_0_127,"(1,4)",11,4,24,0,0.0,0.0
batch1_0_127,"(1,4)",12,4,24,0,0.0,0.0
batch1_0_127,"(1,4)",13,4,24,0,0.0,0.0
batch1_0_127,"(1,4)",14,4,24,0,0.0,0.0
batch1_0_127,"(1,4)",15,4,24,0,0.0,0.0
batch1_0_127,"(1,4)",16,4,24,0,0.0,0.0
batch1_0_127,"(1,4)",17,4,24,0,0.0,0.0
batch1_0_127,"(1,4)",18,4,24,0,0.0,0.0
batch1_0_127,"(1,4)",19,4,24,0,0.0,0.0
batch1_0_127,"(1,4)",20,4,24,0,0.0,0.0
batch1_0_127,"(1,4)",21,4,24,0,0.0,0.0
batch1_0_127,"(1,4)",22,4,24,0,0.0,0.0
batch1_0_127,"(1,4)",23,4,24,0,0.0,0.0
batch1_0_127,"(1,4)",24,4,24,0,0.0,0.0
batch1_0_127,"(1,4)",25,4,24,0,0.0,0.0
batch1_0_127,"(1,4)",26,4,24,0,0.0,0.0
batch1_0_127,"(1,4)",27,4,24,0,0.0,0.0
batch1_0_127,"(1,4)",28,4,24,0,0.0,0.0
batch1_0_127,"(1,4)",29,4,24,0,0.0,0.0
batch1_0_127,"(1,4)",30,4,24,0,0.0,0.0
batch1_0_127,"(1,4)",31,4,24,0,0.0,0.0
batch1_0_127,"(1,4)",32,4,24,0,0.0,0.0
batch1_0_127,"(1,4)",33,4,24,0,0.0,0.0
batch1_0_127,"(1,4)",34,4,24,0,0.0,0.0
batch1_0_127,"(1,4)",35,4,24,0,0.0,0.0
batch1_0_127,"(1,4)",36,4,24,0,0.0,0.0
batch1_0_127,"(1,4)",37,4,24,0,0.0,0.0
batch1_0_127,"(1,4)",38,4,24,0,0.0,0.0
batch1_0_127,"(1,4)",39,4,24,0,0.0,0.0
batch1_0_127,"(1,5)",0,4,24,0,0.0,0.0
batch1_0_127,"(1,5)",1,4,24,0,0.0,0.0
batch1_0_127,"(1,5)",2,4,24,0,0.0,0.0
batch1_0_127,"(1,5)",3,4,24,0,0.0,0.0
batch1_0_127,"(1,5)",4,4,24,0,0.0,0.0
batch1_0_127,"(1,5)",5,4,24,0,0.0,0.0
batch1_0_127,"(1,5)",6,4,24,0,0.0,0.0
batch1_0_127,"(1,5)",7,4,24,0,0.0,0.0
batch1_0_127,"(1,5)",8,4,24,0,0.0,0.0
batch1_0_127,"(1,5)",9,4,24,0,0.0,0.0
batch1_0_127,"(1,5)",10,4,24,0,0.0,0.0
batch1_0_127,"(1,5)",11,4,24,0,0.0,0.0
batch1_0_127,"(1,5)",12,4,24,0,0.0,0.0
batch1_0_127,"(1,5)",13,4,24,0,0.0,0.0
batch1_0_127,"(1,5)",14,4,24,0,0.0,0.0
batch1_0_127,"(1,5)",15,4,24,0,0.0,0.0
batch1_0_127,"(1,5)",16,4,24,0,0.0,0.0
batch1_0_127,"(1,5)",17,4,24,0,0.0,0.0
batch1_0_127,"(1,5)",18,4,24,0,0.0,0.0
batch1_0_127,"(1,5)",19,4,24,0,0.0,0.0
batch1_0_127,"(1,5)",20,4,24,0,0.0,0.0
batch1_0_127,"(1,5)",21,4,24,0,0.0,0.0
batch1_0_127,"(1,5)",22,4,24,0,0.0,0.0
batch1_0_127,"(1,5)",23,4,24,0,0.0,0.0
batch1_0_127,"(1,5)",24,4,24,0,0.0,0.0
batch1_0_127,"(1,5)",25,4,24,0,0.0,0.0
batch1_0_127,"(1,5)",26,4,24,0,0.0,0.0
batch1_0_127,"(1,5)",27,4,24,0,0.0,0.0
batch1_0_127,"(1,5)",28,4,24,0,0.0,0.0
batch1_0_127,"(1,5)",29,4,24,0,0.0,0.0
batch1_0_127,"(1,5)",30,4,24,0,0.0,0.0
batch1_0_127,"(1,5)",31,4,24,0,0.0,0.0
batch1_0_127,"(1,5)",32,4,24,0,0.0,0.0
batch1_0_127,"(1,5)",33,4,24,0,0.0,0.0
batch1_0_127,"(1,5)",34,4,24,0,0.0,0.0
batch1_0_127,"(1,5)",35,4,24,0,0.0,0.0
batch1_0_127,"(1,5)",36,4,24,0,0.0,0.0
batch1_0_127,"(1,5)",37,4,24,0,0.0,0.0
batch1_0_127,"(1,5)",38,4,24,0,0.0,0.0
batch1_0_127,"(1,5)",39,4,24,0,0.0,0.0
batch1_0_127,"(1,6)",0,4,24,0,0.0,0.0
batch1_0_127,"(1,6)",1,4,24,0,0.0,0.0
batch1_0_127,"(1,6)",2,4,24,0,0.0,0.0
batch1_0_127,"(1,6)",3,4,24,0,0.0,0.0
batch1_0_127,"(1,6)",4,4,24,0,0.0,0.0
batch1_0_127,"(1,6)",5,4,24,0,0.0,0.0
batch1_0_127,"(1,6)",6,4,24,0,0.0,0.0
batch1_0_127,"(1,6)",7,4,24,0,0.0,0.0
batch1_0_127,"(1,6)",8,4,24,0,0.0,0.0
batch1_0_127,"(1,6)",9,4,24,0,0.0,0.0
batch1_0_127,"(1,6)",10,4,24,0,0.0,0.0
batch1_0_127,"(1,6)",11,4,24,0,0.0,0.0
batch1_0_127,"(1,6)",12,4,24,0,0.0,0.0
batch1_0_127,"(1,6)",13,4,24,0,0.0,0.0
batch1_0_127,"(1,6)",14,4,24,0,0.0,0.0
batch1_0_127,"(1,6)",15,4,24,0,0.0,0.0
batch1_0_127,"(1,6)",16,4,24,0,0.0,0.0
batch1_0_127,"(1,6)",17,4,24,0,0.0,0.0
batch1_0_127,"(1,6)",18,4,24,0,0.0,0.0
batch1_0_127,"(1,6)",19,4,24,0,0.0,0.0
batch1_0_127,"(1,6)",20,4,24,0,0.0,0.0
batch1_0_127,"(1,6)",21,4,24,0,0.0,0.0
batch1_0_127,"(1,6)",22,4,24,0,0.0,0.0
batch1_0_127,"(1,6)",23,4,24,0,0.0,0.0
batch1_0_127,"(1,6)",24,4,24,0,0.0,0.0
batch1_0_127,"(1,6)",25,4,24,0,0.0,0.0
batch1_0_127,"(1,6)",26,4,24,0,0.0,0.0
batch1_0_127,"(1,6)",27,4,24,0,0.0,0.0
batch1_0_127,"(1,6)",28,4,24,0,0.0,0.0
batch1_0_127,"(1,6)",29,4,24,0,0.0,0.0
batch1_0_127,"(1,6)",30,4,24,0,0.0,0.0
batch1_0_127,"(1,6)",31,4,24,0,0.0,0.0
batch1_0_127,"(1,6)",32,4,24,0,0.0,0.0
batch1_0_127,"(1,6)",33,4,24,0,0.0,0.0
batch1_0_127,"(1,6)",34,4,24,0,0.0,0.0
batch1_0_127,"(1,6)",35,4,24,0,0.0,0.0
batch1_0_127,"(1,6)",36,4,24,0,0.0,0.0
batch1_0_127,"(1,6)",37,4,24,0,0.0,0.0
batch1_0_127,"(1,6)",38,4,24,0,0.0,0.0
batch1_0_127,"(1,6)",39,4,24,0,0.0,0.0
batch1_0_127,"(1,7)",0,4,24,0,0.0,0.0
batch1_0_127,"(1,7)",1,4,24,0,0.0,0.0
batch1_0_127,"(1,7)",2,4,24,0,0.0,0.0
batch1_0_127,"(1,7)",3,4,24,0,0.0,0.0
batch1_0_127,"(1,7)",4,4,24,0,0.0,0.0
batch1_0_127,"(1,7)",5,4,24,0,0.0,0.0
batch1_0_127,"(1,7)",6,4,24,0,0.0,0.0
batch1_0_127,"(1,7)",7,4,24,0,0.0,0.0
batch1_0_127,"(1,7)",8,4,24,0,0.0,0.0
batch1_0_127,"(1,7)",9,4,24,0,0.0,0.0
batch1_0_127,"(1,7)",10,4,24,0,0.0,0.0
batch1_0_127,"(1,7)",11,4,24,0,0.0,0.0
batch1_0_127,"(1,7)",12,4,24,0,0.0,0.0
batch1_0_127,"(1,7)",13,4,24,0,0.0,0.0
batch1_0_127,"(1,7)",14,4,24,0,0.0,0.0
batch1_0_127,"(1,7)",15,4,24,0,0.0,0.0
batch1_0_127,"(1,7)",16,4,24,0,0.0,0.0
batch1_0_127,"(1,7)",17,4,24,0,0.0,0.0
batch1_0_127,"(1,7)",18,4,24,0,0.0,0.0
batch1_0_127,"(1,7)",19,4,24,0,0.0,0.0
batch1_0_127,"(1,7)",20,4,24,0,0.0,0.0
batch1_0_127,"(1,7)",21,4,24,0,0.0,0.0
batch1_0_127,"(1,7)",22,4,24,0,0.0,0.0
batch1_0_127,"(1,7)",23,4,24,0,0.0,0.0
batch1_0_127,"(1,7)",24,4,24,0,0.0,0.0
batch1_0_127,"(1,7)",25,4,24,0,0.0,0.0
batch1_0_127,"(1,7)",26,4,24,0,0.0,0.0
batch1_0_127,"(1,7)",27,4,24,0,0.0,0.0
batch1_0_127,"(1,7)",28,4,24,0,0.0,0.0
batch1_0_127,"(1,7)",29,4,24,0,0.0,0.0
batch1_0_127,"(1,7)",30,4,24,0,0.0,0.0
batch1_0_127,"(1,7)",31,4,24,0,0.0,0.0
batch1_0_127,"(1,7)",32,4,24,0,0.0,0.0
batch1_0_127,"(1,7)",33,4,24,0,0.0,0.0
batch1_0_127,"(1,7)",34,4,24,0,0.0,0.0
batch1_0_127,"(1,7)",35,4,24,0,0.0,0.0
batch1_0_127,"(1,7)",36,4,24,0,0.0,0.0
batch1_0_127,"(1,7)",37,4,24,0,0.0,0.0
batch1_0_127,"(1,7)",38,4,24,0,0.0,0.0
batch1_0_127,"(1,7)",39,4,24,0,0.0,0.0
batch1_0_127,"(2,3)",0,4,24,0,0.0,0.0
batch1_0_127,"(2,3)",1,4,24,0,0.0,0.0
batch1_0_127,"(2,3)",2,4,24,0,0.0,0.0
batch1_0_127,"(2,3)",3,4,24,0,0.0,0.0
batch1_0_127,"(2,3)",4,4,24,0,0.0,0.0
batch1_0_127,"(2,3)",5,4,24,0,0.0,0.0
batch1_0_127,"(2,3)",6,4,24,0,0.0,0.0
batch1_0_127,"(2,3)",7,4,24,0,0.0,0.0
batch1_0_127,"(2,3)",8,4,24,0,0.0,0.0
batch1_0_127,"(2,3)",9,4,24,0,0.0,0.0
batch1_0_127,"(2,3)",10,4,24,0,0.0,0.0
batch1_0_127,"(2,3)",11,4,24,0,0.0,0.0
batch1_0_127,"(2,3)",12,4,24,0,0.0,0.0
batch1_0_127,"(2,3)",13,4,24,0,0.0,0.0
batch1_0_127,"(2,3)",14,4,24,0,0.0,0.0
batch1_0_127,"(2,3)",15,4,24,0,0.0,0.0
batch1_0_127,"(2,3)",16,4,24,0,0.0,0.0
batch1_0_127,"(2,3)",17,4,24,0,0.0,0.0
batch1_0_127,"(2,3)",18,4,24,0,0.0,0.0
batch1_0_127,"(2,3)",19,4,24,0,0.0,0.0
batch1_0_127,"(2,3)",20,4,24,0,0.0,0.0
batch1_0_127,"(2,3)",21,4,24,0,0.0,0.0
batch1_0_127,"(2,3)",22,4,24,0,0.0,0.0
batch1_0_127,"(2,3)",23,4,24,0,0.0,0.0
batch1_0_127,"(2,3)",24,4,24,0,0.0,0.0
batch1_0_127,"(2,3)",25,4,24,0,0.0,0.0
batch1_0_127,"(2,3)",26,4,24,0,0.0,0.0
batch1_0_127,"(2,3)",27,4,24,0,0.0,0.0
batch1_0_127,"(2,3)",28,4,24,0,0.0,0.0
batch1_0_127,"(2,3)",29,4,24,0,0.0,0.0
batch1_0_127,"(2,3)",30,4,24,0,0.0,0.0
batch1_0_127,"(2,3)",31,4,24,0,0.0,0.0
batch1_0_127,"(2,3)",32,4,24,0,0.0,0.0
batch1_0_127,"(2,3)",33,4,24,0,0.0,0.0
batch1_0_127,"(2,3)",34,4,24,0,0.0,0.0
batch1_0_127,"(2,3)",35,4,24,0,0.0,0.0
batch1_0_127,"(2,3)",36,4,24,0,0.0,0.0
batch1_0_127,"(2,3)",37,4,24,0,0.0,0.0
batch1_0_127,"(2,3)",38,4,24,0,0.0,0.0
batch1_0_127,"(2,3)",39,4,24,0,0.0,0.0
batch1_0_127,"(2,4)",0,4,24,0,0.0,0.0
batch1_0_127,"(2,4)",1,4,24,0,0.0,0.0
batch1_0_127,"(2,4)",2,4,24,0,0.0,0.0
batch1_0_127,"(2,4)",3,4,24,0,0.0,0.0
batch1_0_127,"(2,4)",4,4,24,0,0.0,0.0
batch1_0_127,"(2,4)",5,4,24,0,0.0,0.0
batch1_0_127,"(2,4)",6,4,24,0,0.0,0.0
batch1_0_127,"(2,4)",7,4,24,0,0.0,0.0
batch1_0_127,"(2,4)",8,4,24,0,0.0,0.0
batch1_0_127,"(2,4)",9,4,24,0,0.0,0.0
batch1_0_127,"(2,4)",10,4,24,0,0.0,0.0
batch1_0_127,"(2,4)",11,4,24,0,0.0,0.0
batch1_0_127,"(2,4)",12,4,24,0,0.0,0.0
batch1_0_127,"(2,4)",13,4,24,0,0.0,0.0
batch1_0_127,"(2,4)",14,4,24,0,0.0,0.0
batch1_0_127,"(2,4)",15,4,24,0,0.0,0.0
batch1_0_127,"(2,4)",16,4,24,0,0.0,0.0
batch1_0_127,"(2,4)",17,4,24,0,0.0,0.0
batch1_0_127,"(2,4)",18,4,24,0,0.0,0.0
batch1_0_127,"(2,4)",19,4,24,0,0.0,0.0
batch1_0_127,"(2,4)",20,4,24,0,0.0,0.0
batch1_0_127,"(2,4)",21,4,24,0,0.0,0.0
batch1_0_127,"(2,4)",22,4,24,0,0.0,0.0
batch1_0_127,"(2,4)",23,4,24,0,0.0,0.0
batch1_0_127,"(2,4)",24,4,24,0,0.0,0.0
batch1_0_127,"(2,4)",25,4,24,0,0.0,0.0
batch1_0_127,"(2,4)",26,4,24,0,0.0,0.0
batch1_0_127,"(2,4)",27,4,24,0,0.0,0.0
batch1_0_127,"(2,4)",28,4,24,0,0.0,0.0
batch1_0_127,"(2,4)",29,4,24,0,0.0,0.0
batch1_0_127,"(2,4)",30,4,24,0,0.0,0.0
batch1_0_127,"(2,4)",31,4,24,0,0.0,0.0
batch1_0_127,"(2,4)",32,4,24,0,0.0,0.0
batch1_0_127,"(2,4)",33,4,24,0,0.0,0.0
batch1_0_127,"(2,4)",34,4,24,0,0.0,0.0
batch1_0_127,"(2,4)",35,4,24,0,0.0,0.0
batch1_0_127,"(2,4)",36,4,24,0,0.0,0.0
batch1_0_127,"(2,4)",37,4,24,0,0.0,0.0
batch1_0_127,"(2,4)",38,4,24,0,0.0,0.0
batch1_0_127,"(2,4)",39,4,24,0,0.0,0.0
batch1_0_127,"(2,5)",0,4,24,0,0.0,0.0
batch1_0_127,"(2,5)",1,4,24,0,0.0,0.0
batch1_0_127,"(2,5)",2,4,24,0,0.0,0.0
batch1_0_127,"(2,5)",3,4,24,0,0.0,0.0
batch1_0_127,"(2,5)",4,4,24,0,0.0,0.0
batch1_0_127,"(2,5)",5,4,24,0,0.0,0.0
batch1_0_127,"(2,5)",6,4,24,0,0.0,0.0
batch1_0_127,"(2,5)",7,4,24,0,0.0,0.0
batch1_0_127,"(2,5)",8,4,24,0,0.0,0.0
batch1_0_127,"(2,5)",9,4,24,0,0.0,0.0
batch1_0_127,"(2,5)",10,4,24,0,0.0,0.0
batch1_0_127,"(2,5)",11,4,24,0,0.0,0.0
batch1_0_127,"(2,5)",12,4,24,0,0.0,0.0
batch1_0_127,"(2,5)",13,4,24,0,0.0,0.0
batch1_0_127,"(2,5)",14,4,24,0,0.0,0.0
batch1_0_127,"(2,5)",15,4,24,0,0.0,0.0
batch1_0_127,"(2,5)",16,4,24,0,0.0,0.0
batch1_0_127,"(2,5)",17,4,24,0,0.0,0.0
batch1_0_127,"(2,5)",18,4,24,0,0.0,0.0
batch1_0_127,"(2,5)",19,4,24,0,0.0,0.0
batch1_0_127,"(2,5)",20,4,24,0,0.0,0.0
batch1_0_127,"(2,5)",21,4,24,0,0.0,0.0
batch1_0_127,"(2,5)",22,4,24,0,0.0,0.0
batch1_0_127,"(2,5)",23,4,24,0,0.0,0.0
batch1_0_127,"(2,5)",24,4,24,0,0.0,0.0
batch1_0_127,"(2,5)",25,4,24,0,0.0,0.0
batch1_0_127,"(2,5)",26,4,24,0,0.0,0.0
batch1_0_127,"(2,5)",27,4,24,0,0.0,0.0
batch1_0_127,"(2,5)",28,4,24,0,0.0,0.0
batch1_0_127,"(2,5)",29,4,24,0,0.0,0.0
batch1_0_127,"(2,5)",30,4,24,0,0.0,0.0
batch1_0_127,"(2,5)",31,4,24,0,0.0,0.0
batch1_0_127,"(2,5)",32,4,24,0,0.0,0.0
batch1_0_127,"(2,5)",33,4,24,0,0.0,0.0
batch1_0_127,"(2,5)",34,4,24,0,0.0,0.0
batch1_0_127,"(2,5)",35,4,24,0,0.0,0.0
batch1_0_127,"(2,5)",36,4,24,0,0.0,0.0
batch1_0_127,"(2,5)",37,4,24,0,0.0,0.0
batch1_0_127,"(2,5)",38,4,24,0,0.0,0.0
batch1_0_127,"(2,5)",39,4,24,0,0.0,0.0
batch1_0_127,"(2,6)",0,4,24,0,0.0,0.0
batch1_0_127,"(2,6)",1,4,24,0,0.0,0.0
batch1_0_127,"(2,6)",2,4,24,0,0.0,0.0
batch1_0_127,"(2,6)",3,4,24,0,0.0,0.0
batch1_0_127,"(2,6)",4,4,24,0,0.0,0.0
batch1_0_127,"(2,6)",5,4,24,0,0.0,0.0
batch1_0_127,"(2,6)",6,4,24,0,0.0,0.0
batch1_0_127,"(2,6)",7,4,24,0,0.0,0.0
batch1_0_127,"(2,6)",8,4,24,0,0.0,0.0
batch1_0_127,"(2,6)",9,4,24,0,0.0,0.0
batch1_0_127,"(2,6)",10,4,24,0,0.0,0.0
batch1_0_127,"(2,6)",11,4,24,0,0.0,0.0
batch1_0_127,"(2,6)",12,4,24,0,0.0,0.0
batch1_0_127,"(2,6)",13,4,24,0,0.0,0.0
batch1_0_127,"(2,6)",14,4,24,0,0.0,0.0
batch1_0_127,"(2,6)",15,4,24,0,0.0,0.0
batch1_0_127,"(2,6)",16,4,24,0,0.0,0.0
batch1_0_127,"(2,6)",17,4,24,0,0.0,0.0
batch1_0_127,"(2,6)",18,4,24,0,0.0,0.0
batch1_0_127,"(2,6)",19,4,24,0,0.0,0.0
batch1_0_127,"(2,6)",20,4,24,0,0.0,0.0
batch1_0_127,"(2,6)",21,4,24,0,0.0,0.0
batch1_0_127,"(2,6)",22,4,24,0,0.0,0.0
batch1_0_127,"(2,6)",23,4,24,0,0.0,0.0
batch1_0_127,"(2,6)",24,4,24,0,0.0,0.0
batch1_0_127,"(2,6)",25,4,24,0,0.0,0.0
batch1_0_127,"(2,6)",26,4,24,0,0.0,0.0
batch1_0_127,"(2,6)",27,4,24,0,0.0,0.0
batch1_0_127,"(2,6)",28,4,24,0,0.0,0.0
batch1_0_127,"(2,6)",29,4,24,0,0.0,0.0
batch1_0_127,"(2,6)",30,4,24,0,0.0,0.0
batch1_0_127,"(2,6)",31,4,24,0,0.0,0.0
batch1_0_127,"(2,6)",32,4,24,0,0.0,0.0
batch1_0_127,"(2,6)",33,4,24,0,0.0,0.0
batch1_0_127,"(2,6)",34,4,24,0,0.0,0.0
batch1_0_127,"(2,6)",35,4,24,0,0.0,0.0
batch1_0_127,"(2,6)",36,4,24,0,0.0,0.0
batch1_0_127,"(2,6)",37,4,24,0,0.0,0.0
batch1_0_127,"(2,6)",38,4,24,0,0.0,0.0
batch1_0_127,"(2,6)",39,4,24,0,0.0,0.0
batch1_0_127,"(2,7)",0,4,24,0,0.0,0.0
batch1_0_127,"(2,7)",1,4,24,0,0.0,0.0
batch1_0_127,"(2,7)",2,4,24,0,0.0,0.0
batch1_0_127,"(2,7)",3,4,24,0,0.0,0.0
batch1_0_127,"(2,7)",4,4,24,0,0.0,0.0
batch1_0_127,"(2,7)",5,4,24,0,0.0,0.0
batch1_0_127,"(2,7)",6,4,24,0,0.0,0.0
batch1_0_127,"(2,7)",7,4,24,0,0.0,0.0
batch1_0_127,"(2,7)",8,4,24,0,0.0,0.0
batch1_0_127,"(2,7)",9,4,24,0,0.0,0.0
batch1_0_127,"(2,7)",10,4,24,0,0.0,0.0
batch1_0_127,"(2,7)",11,4,24,0,0.0,0.0
batch1_0_127,"(2,7)",12,4,24,0,0.0,0.0
batch1_0_127,"(2,7)",13,4,24,0,0.0,0.0
batch1_0_127,"(2,7)",14,4,24,0,0.0,0.0
batch1_0_127,"(2,7)",15,4,24,0,0.0,0.0
batch1_0_127,"(2,7)",16,4,24,0,0.0,0.0
batch1_0_127,"(2,7)",17,4,24,0,0.0,0.0
batch1_0_127,"(2,7)",18,4,24,0,0.0,0.0
batch1_0_127,"(2,7)",19,4,24,0,0.0,0.0
batch1_0_127,"(2,7)",20,4,24,0,0.0,0.0
batch1_0_127,"(2,7)",21,4,24,0,0.0,0.0
batch1_0_127,"(2,7)",22,4,24,0,0.0,0.0
batch1_0_127,"(2,7)",23,4,24,0,0.0,0.0
batch1_0_127,"(2,7)",24,4,24,0,0.0,0.0
batch1_0_127,"(2,7)",25,4,24,0,0.0,0.0
batch1_0_127,"(2,7)",26,4,24,0,0.0,0.0
batch1_0_127,"(2,7)",27,4,24,0,0.0,0.0
batch1_0_127,"(2,7)",28,4,24,0,0.0,0.0
batch1_0_127,"(2,7)",29,4,24,0,0.0,0.0
batch1_0_127,"(2,7)",30,4,24,0,0.0,0.0
batch1_0_127,"(2,7)",31,4,24,0,0.0,0.0
batch1_0_127,"(2,7)",32,4,24,0,0.0,0.0
batch1_0_127,"(2,7)",33,4,24,0,0.0,0.0
batch1_0_127,"(2,7)",34,4,24,0,0.0,0.0
batch1_0_127,"(2,7)",35,4,24,0,0.0,0.0
batch1_0_127,"(2,7)",36,4,24,0,0.0,0.0
batch1_0_127,"(2,7)",37,4,24,0,0.0,0.0
batch1_0_127,"(2,7)",38,4,24,0,0.0,0.0
batch1_0_127,"(2,7)",39,4,24,0,0.0,0.0
batch1_0_127,"(3,4)",0,4,24,0,0.0,0.0
batch1_0_127,"(3,4)",1,4,24,0,0.0,0.0
batch1_0_127,"(3,4)",2,4,24,0,0.0,0.0
batch1_0_127,"(3,4)",3,4,24,0,0.0,0.0
batch1_0_127,"(3,4)",4,4,24,0,0.0,0.0
batch1_0_127,"(3,4)",5,4,24,0,0.0,0.0
batch1_0_127,"(3,4)",6,4,24,0,0.0,0.0
batch1_0_127,"(3,4)",7,4,24,0,0.0,0.0
batch1_0_127,"(3,4)",8,4,24,0,0.0,0.0
batch1_0_127,"(3,4)",9,4,24,0,0.0,0.0
batch1_0_127,"(3,4)",10,4,24,0,0.0,0.0
batch1_0_127,"(3,4)",11,4,24,0,0.0,0.0
batch1_0_127,"(3,4)",12,4,24,0,0.0,0.0
batch1_0_127,"(3,4)",13,4,24,0,0.0,0.0
batch1_0_127,"(3,4)",14,4,24,0,0.0,0.0
batch1_0_127,"(3,4)",15,4,24,0,0.0,0.0
batch1_0_127,"(3,4)",16,4,24,0,0.0,0.0
batch1_0_127,"(3,4)",17,4,24,0,0.0,0.0
batch1_0_127,"(3,4)",18,4,24,0,0.0,0.0
batch1_0_127,"(3,4)",19,4,24,0,0.0,0.0
batch1_0_127,"(3,4)",20,4,24,0,0.0,0.0
batch1_0_127,"(3,4)",21,4,24,0,0.0,0.0
batch1_0_127,"(3,4)",22,4,24,0,0.0,0.0
batch1_0_127,"(3,4)",23,4,24,0,0.0,0.0
batch1_0_127,"(3,4)",24,4,24,0,0.0,0.0
batch1_0_127,"(3,4)",25,4,24,0,0.0,0.0
batch1_0_127,"(3,4)",26,4,24,0,0.0,0.0
batch1_0_127,"(3,4)",27,4,24,0,0.0,0.0
batch1_0_127,"(3,4)",28,4,24,0,0.0,0.0
batch1_0_127,"(3,4)",29,4,24,0,0.0,0.0
batch1_0_127,"(3,4)",30,4,24,0,0.0,0.0
batch1_0_127,"(3,4)",31,4,24,0,0.0,0.0
batch1_0_127,"(3,4)",32,4,24,0,0.0,0.0
batch1_0_127,"(3,4)",33,4,24,0,0.0,0.0
batch1_0_127,"(3,4)",34,4,24,0,0.0,0.0
batch1_0_127,"(3,4)",35,4,24,0,0.0,0.0
batch1_0_127,"(3,4)",36,4,24,0,0.0,0.0
batch1_0_127,"(3,4)",37,4,24,0,0.0,0.0
batch1_0_127,"(3,4)",38,4,24,0,0.0,0.0
batch1_0_127,"(3,4)",39,4,24,0,0.0,0.0
batch1_0_127,"(3,5)",0,4,24,0,0.0,0.0
batch1_0_127,"(3,5)",1,4,24,0,0.0,0.0
batch1_0_127,"(3,5)",2,4,24,0,0.0,0.0
batch1_0_127,"(3,5)",3,4,24,0,0.0,0.0
batch1_0_127,"(3,5)",4,4,24,0,0.0,0.0
batch1_0_127,"(3,5)",5,4,24,0,0.0,0.0
batch1_0_127,"(3,5)",6,4,24,0,0.0,0.0
batch1_0_127,"(3,5)",7,4,24,0,0.0,0.0
batch1_0_127,"(3,5)",8,4,24,0,0.0,0.0
batch1_0_127,"(3,5)",9,4,24,0,0.0,0.0
batch1_0_127,"(3,5)",10,4,24,0,0.0,0.0
batch1_0_127,"(3,5)",11,4,24,0,0.0,0.0
batch1_0_127,"(3,5)",12,4,24,0,0.0,0.0
batch1_0_127,"(3,5)",13,4,24,0,0.0,0.0
batch1_0_127,"(3,5)",14,4,24,0,0.0,0.0
batch1_0_127,"(3,5)",15,4,24,0,0.0,0.0
batch1_0_127,"(3,5)",16,4,24,0,0.0,0.0
batch1_0_127,"(3,5)",17,4,24,0,0.0,0.0
batch1_0_127,"(3,5)",18,4,24,0,0.0,0.0
batch1_0_127,"(3,5)",19,4,24,0,0.0,0.0
batch1_0_127,"(3,5)",20,4,24,0,0.0,0.0
batch1_0_127,"(3,5)",21,4,24,0,0.0,0.0
batch1_0_127,"(3,5)",22,4,24,0,0.0,0.0
batch1_0_127,"(3,5)",23,4,24,0,0.0,0.0
batch1_0_127,"(3,5)",24,4,24,0,0.0,0.0
batch1_0_127,"(3,5)",25,4,24,0,0.0,0.0
batch1_0_127,"(3,5)",26,4,24,0,0.0,0.0
batch1_0_127,"(3,5)",27,4,24,0,0.0,0.0
batch1_0_127,"(3,5)",28,4,24,0,0.0,0.0
batch1_0_127,"(3,5)",29,4,24,0,0.0,0.0
batch1_0_127,"(3,5)",30,4,24,0,0.0,0.0
batch1_0_127,"(3,5)",31,4,24,0,0.0,0.0
batch1_0_127,"(3,5)",32,4,24,0,0.0,0.0
batch1_0_127,"(3,5)",33,4,24,0,0.0,0.0
batch1_0_127,"(3,5)",34,4,24,0,0.0,0.0
batch1_0_127,"(3,5)",35,4,24,0,0.0,0.0
batch1_0_127,"(3,5)",36,4,24,0,0.0,0.0
batch1_0_127,"(3,5)",37,4,24,0,0.0,0.0
batch1_0_127,"(3,5)",38,4,24,0,0.0,0.0
batch1_0_127,"(3,5)",39,4,24,0,0.0,0.0
batch1_0_127,"(3,6)",0,4,24,0,0.0,0.0
batch1_0_127,"(3,6)",1,4,24,0,0.0,0.0
batch1_0_127,"(3,6)",2,4,24,0,0.0,0.0
batch1_0_127,"(3,6)",3,4,24,0,0.0,0.0
batch1_0_127,"(3,6)",4,4,24,0,0.0,0.0
batch1_0_127,"(3,6)",5,4,24,0,0.0,0.0
batch1_0_127,"(3,6)",6,4,24,0,0.0,0.0
batch1_0_127,"(3,6)",7,4,24,0,0.0,0.0
batch1_0_127,"(3,6)",8,4,24,0,0.0,0.0
batch1_0_127,"(3,6)",9,4,24,0,0.0,0.0
batch1_0_127,"(3,6)",10,4,24,0,0.0,0.0
batch1_0_127,"(3,6)",11,4,24,0,0.0,0.0
batch1_0_127,"(3,6)",12,4,24,0,0.0,0.0
batch1_0_127,"(3,6)",13,4,24,0,0.0,0.0
batch1_0_127,"(3,6)",14,4,24,0,0.0,0.0
batch1_0_127,"(3,6)",15,4,24,0,0.0,0.0
batch1_0_127,"(3,6)",16,4,24,0,0.0,0.0
batch1_0_127,"(3,6)",17,4,24,0,0.0,0.0
batch1_0_127,"(3,6)",18,4,24,0,0.0,0.0
batch1_0_127,"(3,6)",19,4,24,0,0.0,0.0
batch1_0_127,"(3,6)",20,4,24,0,0.0,0.0
batch1_0_127,"(3,6)",21,4,24,0,0.0,0.0
batch1_0_127,"(3,6)",22,4,24,0,0.0,0.0
batch1_0_127,"(3,6)",23,4,24,0,0.0,0.0
batch1_0_127,"(3,6)",24,4,24,0,0.0,0.0
batch1_0_127,"(3,6)",25,4,24,0,0.0,0.0
batch1_0_127,"(3,6)",26,4,24,0,0.0,0.0
batch1_0_127,"(3,6)",27,4,24,0,0.0,0.0
batch1_0_127,"(3,6)",28,4,24,0,0.0,0.0
batch1_0_127,"(3,6)",29,4,24,0,0.0,0.0
batch1_0_127,"(3,6)",30,4,24,0,0.0,0.0
batch1_0_127,"(3,6)",31,4,24,0,0.0,0.0
batch1_0_127,"(3,6)",32,4,24,0,0.0,0.0
batch1_0_127,"(3,6)",33,4,24,0,0.0,0.0
batch1_0_127,"(3,6)",34,4,24,0,0.0,0.0
batch1_0_127,"(3,6)",35,4,24,0,0.0,0.0
batch1_0_127,"(3,6)",36,4,24,0,0.0,0.0
batch1_0_127,"(3,6)",37,4,24,0,0.0,0.0
batch1_0_127,"(3,6)",38,4,24,0,0.0,0.0
batch1_0_127,"(3,6)",39,4,24,0,0.0,0.0
batch1_0_127,"(3,7)",0,4,24,0,0.0,0.0
batch1_0_127,"(3,7)",1,4,24,0,0.0,0.0
batch1_0_127,"(3,7)",2,4,24,0,0.0,0.0
batch1_0_127,"(3,7)",3,4,24,0,0.0,0.0
batch1_0_127,"(3,7)",4,4,24,0,0.0,0.0
batch1_0_127,"(3,7)",5,4,24,0,0.0,0.0
batch1_0_127,"(3,7)",6,4,24,0,0.0,0.0
batch1_0_127,"(3,7)",7,4,24,0,0.0,0.0
batch1_0_127,"(3,7)",8,4,24,0,0.0,0.0
batch1_0_127,"(3,7)",9,4,24,0,0.0,0.0
batch1_0_127,"(3,7)",10,4,24,0,0.0,0.0
batch1_0_127,"(3,7)",11,4,24,0,0.0,0.0
batch1_0_127,"(3,7)",12,4,24,0,0.0,0.0
batch1_0_127,"(3,7)",13,4,24,0,0.0,0.0
batch1_0_127,"(3,7)",14,4,24,0,0.0,0.0
batch1_0_127,"(3,7)",15,4,24,0,0.0,0.0
batch1_0_127,"(3,7)",16,4,24,0,0.0,0.0
batch1_0_127,"(3,7)",17,4,24,0,0.0,0.0
batch1_0_127,"(3,7)",18,4,24,0,0.0,0.0
batch1_0_127,"(3,7)",19,4,24,0,0.0,0.0
batch1_0_127,"(3,7)",20,4,24,0,0.0,0.0
batch1_0_127,"(3,7)",21,4,24,0,0.0,0.0
batch1_0_127,"(3,7)",22,4,24,0,0.0,0.0
batch1_0_127,"(3,7)",23,4,24,0,0.0,0.0
batch1_0_127,"(3,7)",24,4,24,0,0.0,0.0
batch1_0_127,"(3,7)",25,4,24,0,0.0,0.0
batch1_0_127,"(3,7)",26,4,24,0,0.0,0.0
batch1_0_127,"(3,7)",27,4,24,0,0.0,0.0
batch1_0_127,"(3,7)",28,4,24,0,0.0,0.0
batch1_0_127,"(3,7)",29,4,24,0,0.0,0.0
batch1_0_127,"(3,7)",30,4,24,0,0.0,0.0
batch1_0_127,"(3,7)",31,4,24,0,0.0,0.0
batch1_0_127,"(3,7)",32,4,24,0,0.0,0.0
batch1_0_127,"(3,7)",33,4,24,0,0.0,0.0
batch1_0_127,"(3,7)",34,4,24,0,0.0,0.0
batch1_0_127,"(3,7)",35,4,24,0,0.0,0.0
batch1_0_127,"(3,7)",36,4,24,0,0.0,0.0
batch1_0_127,"(3,7)",37,4,24,0,0.0,0.0
batch1_0_127,"(3,7)",38,4,24,0,0.0,0.0
batch1_0_127,"(3,7)",39,4,24,0,0.0,0.0
batch1_0_127,"(4,5)",0,4,24,0,0.0,0.0
batch1_0_127,"(4,5)",1,4,24,0,0.0,0.0
batch1_0_127,"(4,5)",2,4,24,0,0.0,0.0
batch1_0_127,"(4,5)",3,4,24,0,0.0,0.0
batch1_0_127,"(4,5)",4,4,24,0,0.0,0.0
batch1_0_127,"(4,5)",5,4,24,0,0.0,0.0
batch1_0_127,"(4,5)",6,4,24,0,0.0,0.0
batch1_0_127,"(4,5)",7,4,24,0,0.0,0.0
batch1_0_127,"(4,5)",8,4,24,0,0.0,0.0
batch1_0_127,"(4,5)",9,4,24,0,0.0,0.0
batch1_0_127,"(4,5)",10,4,24,0,0.0,0.0
batch1_0_127,"(4,5)",11,4,24,0,0.0,0.0
batch1_0_127,"(4,5)",12,4,24,0,0.0,0.0
batch1_0_127,"(4,5)",13,4,24,0,0.0,0.0
batch1_0_127,"(4,5)",14,4,24,0,0.0,0.0
batch1_0_127,"(4,5)",15,4,24,0,0.0,0.0
batch1_0_127,"(4,5)",16,4,24,0,0.0,0.0
batch1_0_127,"(4,5)",17,4,24,0,0.0,0.0
batch1_0_127,"(4,5)",18,4,24,0,0.0,0.0
batch1_0_127,"(4,5)",19,4,24,0,0.0,0.0
batch1_0_127,"(4,5)",20,4,24,0,0.0,0.0
batch1_0_127,"(4,5)",21,4,24,0,0.0,0.0
batch1_0_127,"(4,5)",22,4,24,0,0.0,0.0
batch1_0_127,"(4,5)",23,4,24,0,0.0,0.0
batch1_0_127,"(4,5)",24,4,24,0,0.0,0.0
batch1_0_127,"(4,5)",25,4,24,0,0.0,0.0
batch1_0_127,"(4,5)",26,4,24,0,0.0,0.0
batch1_0_127,"(4,5)",27,4,24,0,0.0,0.0
batch1_0_127,"(4,5)",28,4,24,0,0.0,0.0
batch1_0_127,"(4,5)",29,4,24,0,0.0,0.0
batch1_0_127,"(4,5)",30,4,24,0,0.0,0.0
batch1_0_127,"(4,5)",31,4,24,0,0.0,0.0
batch1_0_127,"(4,5)",32,4,24,0,0.0,0.0
batch1_0_127,"(4,5)",33,4,24,0,0.0,0.0
batch1_0_127,"(4,5)",34,4,24,0,0.0,0.0
batch1_0_127,"(4,5)",35,4,24,0,0.0,0.0
batch1_0_127,"(4,5)",36,4,24,0,0.0,0.0
batch1_0_127,"(4,5)",37,4,24,0,0.0,0.0
batch1_0_127,"(4,5)",38,4,24,0,0.0,0.0
batch1_0_127,"(4,5)",39,4,24,0,0.0,0.0
batch1_0_127,"(4,6)",0,4,24,0,0.0,0.0
batch1_0_127,"(4,6)",1,4,24,0,0.0,0.0
batch1_0_127,"(4,6)",2,4,24,0,0.0,0.0
batch1_0_127,"(4,6)",3,4,24,0,0.0,0.0
batch1_0_127,"(4,6)",4,4,24,0,0.0,0.0
batch1_0_127,"(4,6)",5,4,24,0,0.0,0.0
batch1_0_127,"(4,6)",6,4,24,0,0.0,0.0
batch1_0_127,"(4,6)",7,4,24,0,0.0,0.0
batch1_0_127,"(4,6)",8,4,24,0,0.0,0.0
batch1_0_127,"(4,6)",9,4,24,0,0.0,0.0
batch1_0_127,"(4,6)",10,4,24,0,0.0,0.0
batch1_0_127,"(4,6)",11,4,24,0,0.0,0.0
batch1_0_127,"(4,6)",12,4,24,0,0.0,0.0
batch1_0_127,"(4,6)",13,4,24,0,0.0,0.0
batch1_0_127,"(4,6)",14,4,24,0,0.0,0.0
batch1_0_127,"(4,6)",15,4,24,0,0.0,0.0
batch1_0_127,"(4,6)",16,4,24,0,0.0,0.0
batch1_0_127,"(4,6)",17,4,24,0,0.0,0.0
batch1_0_127,"(4,6)",18,4,24,0,0.0,0.0
batch1_0_127,"(4,6)",19,4,24,0,0.0,0.0
batch1_0_127,"(4,6)",20,4,24,0,0.0,0.0
batch1_0_127,"(4,6)",21,4,24,0,0.0,0.0
batch1_0_127,"(4,6)",22,4,24,0,0.0,0.0
batch1_0_127,"(4,6)",23,4,24,0,0.0,0.0
batch1_0_127,"(4,6)",24,4,24,0,0.0,0.0
batch1_0_127,"(4,6)",25,4,24,0,0.0,0.0
batch1_0_127,"(4,6)",26,4,24,0,0.0,0.0
batch1_0_127,"(4,6)",27,4,24,0,0.0,0.0
batch1_0_127,"(4,6)",28,4,24,0,0.0,0.0
batch1_0_127,"(4,6)",29,4,24,0,0.0,0.0
batch1_0_127,"(4,6)",30,4,24,0,0.0,0.0
batch1_0_127,"(4,6)",31,4,24,0,0.0,0.0
batch1_0_127,"(4,6)",32,4,24,0,0.0,0.0
batch1_0_127,"(4,6)",33,4,24,0,0.0,0.0
batch1_0_127,"(4,6)",34,4,24,0,0.0,0.0
batch1_0_127,"(4,6)",35,4,24,0,0.0,0.0
batch1_0_127,"(4,6)",36,4,24,0,0.0,0.0
batch1_0_127,"(4,6)",37,4,24,0,0.0,0.0
batch1_0_127,"(4,6)",38,4,24,0,0.0,0.0
batch1_0_127,"(4,6)",39,4,24,0,0.0,0.0
batch1_0_127,"(4,7)",0,4,24,0,0.0,0.0
batch1_0_127,"(4,7)",1,4,24,0,0.0,0.0
batch1_0_127,"(4,7)",2,4,24,0,0.0,0.0
batch1_0_127,"(4,7)",3,4,24,0,0.0,0.0
batch1_0_127,"(4,7)",4,4,24,0,0.0,0.0
batch1_0_127,"(4,7)",5,4,24,0,0.0,0.0
batch1_0_127,"(4,7)",6,4,24,0,0.0,0.0
batch1_0_127,"(4,7)",7,4,24,0,0.0,0.0
batch1_0_127,"(4,7)",8,4,24,0,0.0,0.0
batch1_0_127,"(4,7)",9,4,24,0,0.0,0.0
batch1_0_127,"(4,7)",10,4,24,0,0.0,0.0
batch1_0_127,"(4,7)",11,4,24,0,0.0,0.0
batch1_0_127,"(4,7)",12,4,24,0,0.0,0.0
batch1_0_127,"(4,7)",13,4,24,0,0.0,0.0
batch1_0_127,"(4,7)",14,4,24,0,0.0,0.0
batch1_0_127,"(4,7)",15,4,24,0,0.0,0.0
batch1_0_127,"(4,7)",16,4,24,0,0.0,0.0
batch1_0_127,"(4,7)",17,4,24,0,0.0,0.0
batch1_0_127,"(4,7)",18,4,24,0,0.0,0.0
batch1_0_127,"(4,7)",19,4,24,0,0.0,0.0
batch1_0_127,"(4,7)",20,4,24,0,0.0,0.0
batch1_0_127,"(4,7)",21,4,24,0,0.0,0.0
batch1_0_127,"(4,7)",22,4,24,0,0.0,0.0
batch1_0_127,"(4,7)",23,4,24,0,0.0,0.0
batch1_0_127,"(4,7)",24,4,24,0,0.0,0.0
batch1_0_127,"(4,7)",25,4,24,0,0.0,0.0
batch1_0_127,"(4,7)",26,4,24,0,0.0,0.0
batch1_0_127,"(4,7)",27,4,24,0,0.0,0.0
batch1_0_127,"(4,7)",28,4,24,0,0.0,0.0
batch1_0_127,"(4,7)",29,4,24,0,0.0,0.0
batch1_0_127,"(4,7)",30,4,24,0,0.0,0.0
batch1_0_127,"(4,7)",31,4,24,0,0.0,0.0
batch1_0_127,"(4,7)",32,4,24,0,0.0,0.0
batch1_0_127,"(4,7)",33,4,24,0,0.0,0.0
batch1_0_127,"(4,7)",34,4,24,0,0.0,0.0
batch1_0_127,"(4,7)",35,4,24,0,0.0,0.0
batch1_0_127,"(4,7)",36,4,24,0,0.0,0.0
batch1_0_127,"(4,7)",37,4,24,0,0.0,0.0
batch1_0_127,"(4,7)",38,4,24,0,0.0,0.0
batch1_0_127,"(4,7)",39,4,24,0,0.0,0.0
batch1_0_127,"(5,6)",0,4,24,0,0.0,0.0
batch1_0_127,"(5,6)",1,4,24,0,0.0,0.0
batch1_0_127,"(5,6)",2,4,24,0,0.0,0.0
batch1_0_127,"(5,6)",3,4,24,0,0.0,0.0
batch1_0_127,"(5,6)",4,4,24,0,0.0,0.0
batch1_0_127,"(5,6)",5,4,24,0,0.0,0.0
batch1_0_127,"(5,6)",6,4,24,0,0.0,0.0
batch1_0_127,"(5,6)",7,4,24,0,0.0,0.0
batch1_0_127,"(5,6)",8,4,24,0,0.0,0.0
batch1_0_127,"(5,6)",9,4,24,0,0.0,0.0
batch1_0_127,"(5,6)",10,4,24,0,0.0,0.0
batch1_0_127,"(5,6)",11,4,24,0,0.0,0.0
batch1_0_127,"(5,6)",12,4,24,0,0.0,0.0
batch1_0_127,"(5,6)",13,4,24,0,0.0,0.0
batch1_0_127,"(5,6)",14,4,24,0,0.0,0.0
batch1_0_127,"(5,6)",15,4,24,0,0.0,0.0
batch1_0_127,"(5,6)",16,4,24,0,0.0,0.0
batch1_0_127,"(5,6)",17,4,24,0,0.0,0.0
batch1_0_127,"(5,6)",18,4,24,0,0.0,0.0
batch1_0_127,"(5,6)",19,4,24,0,0.0,0.0
batch1_0_127,"(5,6)",20,4,24,0,0.0,0.0
batch1_0_127,"(5,6)",21,4,24,0,0.0,0.0
batch1_0_127,"(5,6)",22,4,24,0,0.0,0.0
batch1_0_127,"(5,6)",23,4,24,0,0.0,0.0
batch1_0_127,"(5,6)",24,4,24,0,0.0,0.0
batch1_0_127,"(5,6)",25,4,24,0,0.0,0.0
batch1_0_127,"(5,6)",26,4,24,0,0.0,0.0
batch1_0_127,"(5,6)",27,4,24,0,0.0,0.0
batch1_0_127,"(5,6)",28,4,24,0,0.0,0.0
batch1_0_127,"(5,6)",29,4,24,0,0.0,0.0
batch1_0_127,"(5,6)",30,4,24,0,0.0,0.0
batch1_0_127,"(5,6)",31,4,24,0,0.0,0.0
batch1_0_127,"(5,6)",32,4,24,0,0.0,0.0
batch1_0_127,"(5,6)",33,4,24,0,0.0,0.0
batch1_0_127,"(5,6)",34,4,24,0,0.0,0.0
batch1_0_127,"(5,6)",35,4,24,0,0.0,0.0
batch1_0_127,"(5,6)",36,4,24,0,0.0,0.0
batch1_0_127,"(5,6)",37,4,24,0,0.0,0.0
batch1_0_127,"(5,6)",38,4,24,0,0.0,0.0
batch1_0_127,"(5,6)",39,4,24,0,0.0,0.0
batch1_0_127,"(5,7)",0,4,24,0,0.0,0.0
batch1_0_127,"(5,7)",1,4,24,0,0.0,0.0
batch1_0_127,"(5,7)",2,4,24,0,0.0,0.0
batch1_0_127,"(5,7)",3,4,24,0,0.0,0.0
batch1_0_127,"(5,7)",4,4,24,0,0.0,0.0
batch1_0_127,"(5,7)",5,4,24,0,0.0,0.0
batch1_0_127,"(5,7)",6,4,24,0,0.0,0.0
batch1_0_127,"(5,7)",7,4,24,0,0.0,0.0
batch1_0_127,"(5,7)",8,4,24,0,0.0,0.0
batch1_0_127,"(5,7)",9,4,24,0,0.0,0.0
batch1_0_127,"(5,7)",10,4,24,0,0.0,0.0
batch1_0_127,"(5,7)",11,4,24,0,0.0,0.0
batch1_0_127,"(5,7)",12,4,24,0,0.0,0.0
batch1_0_127,"(5,7)",13,4,24,0,0.0,0.0
batch1_0_127,"(5,7)",14,4,24,0,0.0,0.0
batch1_0_127,"(5,7)",15,4,24,0,0.0,0.0
batch1_0_127,"(5,7)",16,4,24,0,0.0,0.0
batch1_0_127,"(5,7)",17,4,24,0,0.0,0.0
batch1_0_127,"(5,7)",18,4,24,0,0.0,0.0
batch1_0_127,"(5,7)",19,4,24,0,0.0,0.0
batch1_0_127,"(5,7)",20,4,24,0,0.0,0.0
batch1_0_127,"(5,7)",21,4,24,0,0.0,0.0
batch1_0_127,"(5,7)",22,4,24,0,0.0,0.0
batch1_0_127,"(5,7)",23,4,24,0,0.0,0.0
batch1_0_127,"(5,7)",24,4,24,0,0.0,0.0
batch1_0_127,"(5,7)",25,4,24,0,0.0,0.0
batch1_0_127,"(5,7)",26,4,24,0,0.0,0.0
batch1_0_127,"(5,7)",27,4,24,0,0.0,0.0
batch1_0_127,"(5,7)",28,4,24,0,0.0,0.0
batch1_0_127,"(5,7)",29,4,24,0,0.0,0.0
batch1_0_127,"(5,7)",30,4,24,0,0.0,0.0
batch1_0_127,"(5,7)",31,4,24,0,0.0,0.0
batch1_0_127,"(5,7)",32,4,24,0,0.0,0.0
batch1_0_127,"(5,7)",33,4,24,0,0.0,0.0
batch1_0_127,"(5,7)",34,4,24,0,0.0,0.0
batch1_0_127,"(5,7)",35,4,24,0,0.0,0.0
batch1_0_127,"(5,7)",36,4,24,0,0.0,0.0
batch1_0_127,"(5,7)",37,4,24,0,0.0,0.0
batch1_0_127,"(5,7)",38,4,24,0,0.0,0.0
batch1_0_127,"(5,7)",39,4,24,0,0.0,0.0
batch1_0_127,"(6,7)",0,4,24,0,0.0,0.0
batch1_0_127,"(6,7)",1,4,24,0,0.0,0.0
batch1_0_127,"(6,7)",2,4,24,0,0.0,0.0
batch1_0_127,"(6,7)",3,4,24,0,0.0,0.0
batch1_0_127,"(6,7)",4,4,24,0,0.0,0.0
batch1_0_127,"(6,7)",5,4,24,0,0.0,0.0
batch1_0_127,"(6,7)",6,4,24,0,0.0,0.0
batch1_0_127,"(6,7)",7,4,24,0,0.0,0.0
batch1_0_127,"(6,7)",8,4,24,0,0.0,0.0
batch1_0_127,"(6,7)",9,4,24,0,0.0,0.0
batch1_0_127,"(6,7)",10,4,24,0,0.0,0.0
batch1_0_127,"(6,7)",11,4,24,0,0.0,0.0
batch1_0_127,"(6,7)",12,4,24,0,0.0,0.0
batch1_0_127,"(6,7)",13,4,24,0,0.0,0.0
batch1_0_127,"(6,7)",14,4,24,0,0.0,0.0
batch1_0_127,"(6,7)",15,4,24,0,0.0,0.0
batch1_0_127,"(6,7)",16,4,24,0,0.0,0.0
batch1_0_127,"(6,7)",17,4,24,0,0.0,0.0
batch1_0_127,"(6,7)",18,4,24,0,0.0,0.0
batch1_0_127,"(6,7)",19,4,24,0,0.0,0.0
batch1_0_127,"(6,7)",20,4,24,0,0.0,0.0
batch1_0_127,"(6,7)",21,4,24,0,0.0,0.0
batch1_0_127,"(6,7)",22,4,24,0,0.0,0.0
batch1_0_127,"(6,7)",23,4,24,0,0.0,0.0
batch1_0_127,"(6,7)",24,4,24,0,0.0,0.0
batch1_0_127,"(6,7)",25,4,24,0,0.0,0.0
batch1_0_127,"(6,7)",26,4,24,0,0.0,0.0
batch1_0_127,"(6,7)",27,4,24,0,0.0,0.0
batch1_0_127,"(6,7)",28,4,24,0,0.0,0.0
batch1_0_127,"(6,7)",29,4,24,0,0.0,0.0
batch1_0_127,"(6,7)",30,4,24,0,0.0,0.0
batch1_0_127,"(6,7)",31,4,24,0,0.0,0.0
batch1_0_127,"(6,7)",32,4,24,0,0.0,0.0
batch1_0_127,"(6,7)",33,4,24,0,0.0,0.0
batch1_0_127,"(6,7)",34,4,24,0,0.0,0.0
batch1_0_127,"(6,7)",35,4,24,0,0.0,0.0
batch1_0_127,"(6,7)",36,4,24,0,0.0,0.0
batch1_0_127,"(6,7)",37,4,24,0,0.0,0.0
batch1_0_127,"(6,7)",38,4,24,0,0.0,0.0
batch1_0_127,"(6,7)",39,4,24,0,0.0,0.0
batch2_128_255,"(0,1)",0,4,24,0,0.0,0.0
batch2_128_255,"(0,1)",1,4,24,0,0.0,0.0
batch2_128_255,"(0,1)",2,4,24,0,0.0,0.0
batch2_128_255,"(0,1)",3,4,24,0,0.0,0.0
batch2_128_255,"(0,1)",4,4,24,0,0.0,0.0
batch2_128_255,"(0,1)",5,4,24,0,0.0,0.0
batch2_128_255,"(0,1)",6,4,24,0,0.0,0.0
batch2_128_255,"(0,1)",7,4,24,0,0.0,0.0
batch2_128_255,"(0,1)",8,4,24,0,0.0,0.0
batch2_128_255,"(0,1)",9,4,24,0,0.0,0.0
batch2_128_255,"(0,1)",10,4,24,0,0.0,0.0
batch2_128_255,"(0,1)",11,4,24,0,0.0,0.0
batch2_128_255,"(0,1)",12,4,24,0,0.0,0.0
batch2_128_255,"(0,1)",13,4,24,0,0.0,0.0
batch2_128_255,"(0,1)",14,4,24,0,0.0,0.0
batch2_128_255,"(0,1)",15,4,24,0,0.0,0.0
batch2_128_255,"(0,1)",16,4,24,0,0.0,0.0
batch2_128_255,"(0,1)",17,4,24,0,0.0,0.0
batch2_128_255,"(0,1)",18,4,24,0,0.0,0.0
batch2_128_255,"(0,1)",19,4,24,0,0.0,0.0
batch2_128_255,"(0,1)",20,4,24,0,0.0,0.0
batch2_128_255,"(0,1)",21,4,24,0,0.0,0.0
batch2_128_255,"(0,1)",22,4,24,0,0.0,0.0
batch2_128_255,"(0,1)",23,4,24,0,0.0,0.0
batch2_128_255,"(0,1)",24,4,24,0,0.0,0.0
batch2_128_255,"(0,1)",25,4,24,0,0.0,0.0
batch2_128_255,"(0,1)",26,4,24,0,0.0,0.0
batch2_128_255,"(0,1)",27,4,24,0,0.0,0.0
batch2_128_255,"(0,1)",28,4,24,0,0.0,0.0
batch2_128_255,"(0,1)",29,4,24,0,0.0,0.0
batch2_128_255,"(0,1)",30,4,24,0,0.0,0.0
batch2_128_255,"(0,1)",31,4,24,0,0.0,0.0
batch2_128_255,"(0,1)",32,4,24,0,0.0,0.0
batch2_128_255,"(0,1)",33,4,24,0,0.0,0.0
batch2_128_255,"(0,1)",34,4,24,0,0.0,0.0
batch2_128_255,"(0,1)",35,4,24,0,0.0,0.0
batch2_128_255,"(0,1)",36,4,24,0,0.0,0.0
batch2_128_255,"(0,1)",37,4,24,0,0.0,0.0
batch2_128_255,"(0,1)",38,4,24,0,0.0,0.0
batch2_128_255,"(0,1)",39,4,24,0,0.0,0.0
batch2_128_255,"(0,2)",0,4,24,0,0.0,0.0
batch2_128_255,"(0,2)",1,4,24,0,0.0,0.0
batch2_128_255,"(0,2)",2,4,24,0,0.0,0.0
batch2_128_255,"(0,2)",3,4,24,0,0.0,0.0
batch2_128_255,"(0,2)",4,4,24,0,0.0,0.0
batch2_128_255,"(0,2)",5,4,24,0,0.0,0.0
batch2_128_255,"(0,2)",6,4,24,0,0.0,0.0
batch2_128_255,"(0,2)",7,4,24,0,0.0,0.0
batch2_128_255,"(0,2)",8,4,24,0,0.0,0.0
batch2_128_255,"(0,2)",9,4,24,0,0.0,0.0
batch2_128_255,"(0,2)",10,4,24,0,0.0,0.0
batch2_128_255,"(0,2)",11,4,24,0,0.0,0.0
batch2_128_255,"(0,2)",12,4,24,0,0.0,0.0
batch2_128_255,"(0,2)",13,4,24,0,0.0,0.0
batch2_128_255,"(0,2)",14,4,24,0,0.0,0.0
batch2_128_255,"(0,2)",15,4,24,0,0.0,0.0
batch2_128_255,"(0,2)",16,4,24,0,0.0,0.0
batch2_128_255,"(0,2)",17,4,24,0,0.0,0.0
batch2_128_255,"(0,2)",18,4,24,0,0.0,0.0
batch2_128_255,"(0,2)",19,4,24,0,0.0,0.0
batch2_128_255,"(0,2)",20,4,24,0,0.0,0.0
batch2_128_255,"(0,2)",21,4,24,0,0.0,0.0
batch2_128_255,"(0,2)",22,4,24,0,0.0,0.0
batch2_128_255,"(0,2)",23,4,24,0,0.0,0.0
batch2_128_255,"(0,2)",24,4,24,0,0.0,0.0
batch2_128_255,"(0,2)",25,4,24,0,0.0,0.0
batch2_128_255,"(0,2)",26,4,24,0,0.0,0.0
batch2_128_255,"(0,2)",27,4,24,0,0.0,0.0
batch2_128_255,"(0,2)",28,4,24,0,0.0,0.0
batch2_128_255,"(0,2)",29,4,24,0,0.0,0.0
batch2_128_255,"(0,2)",30,4,24,0,0.0,0.0
batch2_128_255,"(0,2)",31,4,24,0,0.0,0.0
batch2_128_255,"(0,2)",32,4,24,0,0.0,0.0
batch2_128_255,"(0,2)",33,4,24,0,0.0,0.0
batch2_128_255,"(0,2)",34,4,24,0,0.0,0.0
batch2_128_255,"(0,2)",35,4,24,0,0.0,0.0
batch2_128_255,"(0,2)",36,4,24,0,0.0,0.0
batch2_128_255,"(0,2)",37,4,24,0,0.0,0.0
batch2_128_255,"(0,2)",38,4,24,0,0.0,0.0
batch2_128_255,"(0,2)",39,4,24,0,0.0,0.0
batch2_128_255,"(0,3)",0,4,24,0,0.0,0.0
batch2_128_255,"(0,3)",1,4,24,0,0.0,0.0
batch2_128_255,"(0,3)",2,4,24,0,0.0,0.0
batch2_128_255,"(0,3)",3,4,24,0,0.0,0.0
batch2_128_255,"(0,3)",4,4,24,0,0.0,0.0
batch2_128_255,"(0,3)",5,4,24,0,0.0,0.0
batch2_128_255,"(0,3)",6,4,24,0,0.0,0.0
batch2_128_255,"(0,3)",7,4,24,0,0.0,0.0
batch2_128_255,"(0,3)",8,4,24,0,0.0,0.0
batch2_128_255,"(0,3)",9,4,24,0,0.0,0.0
batch2_128_255,"(0,3)",10,4,24,0,0.0,0.0
batch2_128_255,"(0,3)",11,4,24,0,0.0,0.0
batch2_128_255,"(0,3)",12,4,24,0,0.0,0.0
batch2_128_255,"(0,3)",13,4,24,0,0.0,0.0
batch2_128_255,"(0,3)",14,4,24,0,0.0,0.0
batch2_128_255,"(0,3)",15,4,24,0,0.0,0.0
batch2_128_255,"(0,3)",16,4,24,0,0.0,0.0
batch2_128_255,"(0,3)",17,4,24,0,0.0,0.0
batch2_128_255,"(0,3)",18,4,24,0,0.0,0.0
batch2_128_255,"(0,3)",19,4,24,0,0.0,0.0
batch2_128_255,"(0,3)",20,4,24,0,0.0,0.0
batch2_128_255,"(0,3)",21,4,24,0,0.0,0.0
batch2_128_255,"(0,3)",22,4,24,0,0.0,0.0
batch2_128_255,"(0,3)",23,4,24,0,0.0,0.0
batch2_128_255,"(0,3)",24,4,24,0,0.0,0.0
batch2_128_255,"(0,3)",25,4,24,0,0.0,0.0
batch2_128_255,"(0,3)",26,4,24,0,0.0,0.0
batch2_128_255,"(0,3)",27,4,24,0,0.0,0.0
batch2_128_255,"(0,3)",28,4,24,0,0.0,0.0
batch2_128_255,"(0,3)",29,4,24,0,0.0,0.0
batch2_128_255,"(0,3)",30,4,24,0,0.0,0.0
batch2_128_255,"(0,3)",31,4,24,0,0.0,0.0
batch2_128_255,"(0,3)",32,4,24,0,0.0,0.0
batch2_128_255,"(0,3)",33,4,24,0,0.0,0.0
batch2_128_255,"(0,3)",34,4,24,0,0.0,0.0
batch2_128_255,"(0,3)",35,4,24,0,0.0,0.0
batch2_128_255,"(0,3)",36,4,24,0,0.0,0.0
batch2_128_255,"(0,3)",37,4,24,0,0.0,0.0
batch2_128_255,"(0,3)",38,4,24,0,0.0,0.0
batch2_128_255,"(0,3)",39,4,24,0,0.0,0.0
batch2_128_255,"(0,4)",0,4,24,0,0.0,0.0
batch2_128_255,"(0,4)",1,4,24,0,0.0,0.0
batch2_128_255,"(0,4)",2,4,24,0,0.0,0.0
batch2_128_255,"(0,4)",3,4,24,0,0.0,0.0
batch2_128_255,"(0,4)",4,4,24,0,0.0,0.0
batch2_128_255,"(0,4)",5,4,24,0,0.0,0.0
batch2_128_255,"(0,4)",6,4,24,0,0.0,0.0
batch2_128_255,"(0,4)",7,4,24,0,0.0,0.0
batch2_128_255,"(0,4)",8,4,24,0,0.0,0.0
batch2_128_255,"(0,4)",9,4,24,0,0.0,0.0
batch2_128_255,"(0,4)",10,4,24,0,0.0,0.0
batch2_128_255,"(0,4)",11,4,24,0,0.0,0.0
batch2_128_255,"(0,4)",12,4,24,0,0.0,0.0
batch2_128_255,"(0,4)",13,4,24,0,0.0,0.0
batch2_128_255,"(0,4)",14,4,24,0,0.0,0.0
batch2_128_255,"(0,4)",15,4,24,0,0.0,0.0
batch2_128_255,"(0,4)",16,4,24,0,0.0,0.0
batch2_128_255,"(0,4)",17,4,24,0,0.0,0.0
batch2_128_255,"(0,4)",18,4,24,0,0.0,0.0
batch2_128_255,"(0,4)",19,4,24,0,0.0,0.0
batch2_128_255,"(0,4)",20,4,24,0,0.0,0.0
batch2_128_255,"(0,4)",21,4,24,0,0.0,0.0
batch2_128_255,"(0,4)",22,4,24,0,0.0,0.0
batch2_128_255,"(0,4)",23,4,24,0,0.0,0.0
batch2_128_255,"(0,4)",24,4,24,0,0.0,0.0
batch2_128_255,"(0,4)",25,4,24,0,0.0,0.0
batch2_128_255,"(0,4)",26,4,24,0,0.0,0.0
batch2_128_255,"(0,4)",27,4,24,0,0.0,0.0
batch2_128_255,"(0,4)",28,4,24,0,0.0,0.0
batch2_128_255,"(0,4)",29,4,24,0,0.0,0.0
batch2_128_255,"(0,4)",30,4,24,0,0.0,0.0
batch2_128_255,"(0,4)",31,4,24,0,0.0,0.0
batch2_128_255,"(0,4)",32,4,24,0,0.0,0.0
batch2_128_255,"(0,4)",33,4,24,0,0.0,0.0
batch2_128_255,"(0,4)",34,4,24,0,0.0,0.0
batch2_128_255,"(0,4)",35,4,24,0,0.0,0.0
batch2_128_255,"(0,4)",36,4,24,0,0.0,0.0
batch2_128_255,"(0,4)",37,4,24,0,0.0,0.0
batch2_128_255,"(0,4)",38,4,24,0,0.0,0.0
batch2_128_255,"(0,4)",39,4,24,0,0.0,0.0
batch2_128_255,"(0,5)",0,4,24,0,0.0,0.0
batch2_128_255,"(0,5)",1,4,24,0,0.0,0.0
batch2_128_255,"(0,5)",2,4,24,0,0.0,0.0
batch2_128_255,"(0,5)",3,4,24,0,0.0,0.0
batch2_128_255,"(0,5)",4,4,24,0,0.0,0.0
batch2_128_255,"(0,5)",5,4,24,0,0.0,0.0
batch2_128_255,"(0,5)",6,4,24,0,0.0,0.0
batch2_128_255,"(0,5)",7,4,24,0,0.0,0.0
batch2_128_255,"(0,5)",8,4,24,0,0.0,0.0
batch2_128_255,"(0,5)",9,4,24,0,0.0,0.0
batch2_128_255,"(0,5)",10,4,24,0,0.0,0.0
batch2_128_255,"(0,5)",11,4,24,0,0.0,0.0
batch2_128_255,"(0,5)",12,4,24,0,0.0,0.0
batch2_128_255,"(0,5)",13,4,24,0,0.0,0.0
batch2_128_255,"(0,5)",14,4,24,0,0.0,0.0
batch2_128_255,"(0,5)",15,4,24,0,0.0,0.0
batch2_128_255,"(0,5)",16,4,24,0,0.0,0.0
batch2_128_255,"(0,5)",17,4,24,0,0.0,0.0
batch2_128_255,"(0,5)",18,4,24,0,0.0,0.0
batch2_128_255,"(0,5)",19,4,24,0,0.0,0.0
batch2_128_255,"(0,5)",20,4,24,0,0.0,0.0
batch2_128_255,"(0,5)",21,4,24,0,0.0,0.0
batch2_128_255,"(0,5)",22,4,24,0,0.0,0.0
batch2_128_255,"(0,5)",23,4,24,0,0.0,0.0
batch2_128_255,"(0,5)",24,4,24,0,0.0,0.0
batch2_128_255,"(0,5)",25,4,24,0,0.0,0.0
batch2_128_255,"(0,5)",26,4,24,0,0.0,0.0
batch2_128_255,"(0,5)",27,4,24,0,0.0,0.0
batch2_128_255,"(0,5)",28,4,24,0,0.0,0.0
batch2_128_255,"(0,5)",29,4,24,0,0.0,0.0
batch2_128_255,"(0,5)",30,4,24,0,0.0,0.0
batch2_128_255,"(0,5)",31,4,24,0,0.0,0.0
batch2_128_255,"(0,5)",32,4,24,0,0.0,0.0
batch2_128_255,"(0,5)",33,4,24,0,0.0,0.0
batch2_128_255,"(0,5)",34,4,24,0,0.0,0.0
batch2_128_255,"(0,5)",35,4,24,0,0.0,0.0
batch2_128_255,"(0,5)",36,4,24,0,0.0,0.0
batch2_128_255,"(0,5)",37,4,24,0,0.0,0.0
batch2_128_255,"(0,5)",38,4,24,0,0.0,0.0
batch2_128_255,"(0,5)",39,4,24,0,0.0,0.0
batch2_128_255,"(0,6)",0,4,24,0,0.0,0.0
batch2_128_255,"(0,6)",1,4,24,0,0.0,0.0
batch2_128_255,"(0,6)",2,4,24,0,0.0,0.0
batch2_128_255,"(0,6)",3,4,24,0,0.0,0.0
batch2_128_255,"(0,6)",4,4,24,0,0.0,0.0
batch2_128_255,"(0,6)",5,4,24,0,0.0,0.0
batch2_128_255,"(0,6)",6,4,24,0,0.0,0.0
batch2_128_255,"(0,6)",7,4,24,0,0.0,0.0
batch2_128_255,"(0,6)",8,4,24,0,0.0,0.0
batch2_128_255,"(0,6)",9,4,24,0,0.0,0.0
batch2_128_255,"(0,6)",10,4,24,0,0.0,0.0
batch2_128_255,"(0,6)",11,4,24,0,0.0,0.0
batch2_128_255,"(0,6)",12,4,24,0,0.0,0.0
batch2_128_255,"(0,6)",13,4,24,0,0.0,0.0
batch2_128_255,"(0,6)",14,4,24,0,0.0,0.0
batch2_128_255,"(0,6)",15,4,24,0,0.0,0.0
batch2_128_255,"(0,6)",16,4,24,0,0.0,0.0
batch2_128_255,"(0,6)",17,4,24,0,0.0,0.0
batch2_128_255,"(0,6)",18,4,24,0,0.0,0.0
batch2_128_255,"(0,6)",19,4,24,0,0.0,0.0
batch2_128_255,"(0,6)",20,4,24,0,0.0,0.0
batch2_128_255,"(0,6)",21,4,24,0,0.0,0.0
batch2_128_255,"(0,6)",22,4,24,0,0.0,0.0
batch2_128_255,"(0,6)",23,4,24,0,0.0,0.0
batch2_128_255,"(0,6)",24,4,24,0,0.0,0.0
batch2_128_255,"(0,6)",25,4,24,0,0.0,0.0
batch2_128_255,"(0,6)",26,4,24,0,0.0,0.0
batch2_128_255,"(0,6)",27,4,24,0,0.0,0.0
batch2_128_255,"(0,6)",28,4,24,0,0.0,0.0
batch2_128_255,"(0,6)",29,4,24,0,0.0,0.0
batch2_128_255,"(0,6)",30,4,24,0,0.0,0.0
batch2_128_255,"(0,6)",31,4,24,0,0.0,0.0
batch2_128_255,"(0,6)",32,4,24,0,0.0,0.0
batch2_128_255,"(0,6)",33,4,24,0,0.0,0.0
batch2_128_255,"(0,6)",34,4,24,0,0.0,0.0
batch2_128_255,"(0,6)",35,4,24,0,0.0,0.0
batch2_128_255,"(0,6)",36,4,24,0,0.0,0.0
batch2_128_255,"(0,6)",37,4,24,0,0.0,0.0
batch2_128_255,"(0,6)",38,4,24,0,0.0,0.0
batch2_128_255,"(0,6)",39,4,24,0,0.0,0.0
batch2_128_255,"(0,7)",0,4,24,0,0.0,0.0
batch2_128_255,"(0,7)",1,4,24,0,0.0,0.0
batch2_128_255,"(0,7)",2,4,24,0,0.0,0.0
batch2_128_255,"(0,7)",3,4,24,0,0.0,0.0
batch2_128_255,"(0,7)",4,4,24,0,0.0,0.0
batch2_128_255,"(0,7)",5,4,24,0,0.0,0.0
batch2_128_255,"(0,7)",6,4,24,0,0.0,0.0
batch2_128_255,"(0,7)",7,4,24,0,0.0,0.0
batch2_128_255,"(0,7)",8,4,24,0,0.0,0.0
batch2_128_255,"(0,7)",9,4,24,0,0.0,0.0
batch2_128_255,"(0,7)",10,4,24,0,0.0,0.0
batch2_128_255,"(0,7)",11,4,24,0,0.0,0.0
batch2_128_255,"(0,7)",12,4,24,0,0.0,0.0
batch2_128_255,"(0,7)",13,4,24,0,0.0,0.0
batch2_128_255,"(0,7)",14,4,24,0,0.0,0.0
batch2_128_255,"(0,7)",15,4,24,0,0.0,0.0
batch2_128_255,"(0,7)",16,4,24,0,0.0,0.0
batch2_128_255,"(0,7)",17,4,24,0,0.0,0.0
batch2_128_255,"(0,7)",18,4,24,0,0.0,0.0
batch2_128_255,"(0,7)",19,4,24,0,0.0,0.0
batch2_128_255,"(0,7)",20,4,24,0,0.0,0.0
batch2_128_255,"(0,7)",21,4,24,0,0.0,0.0
batch2_128_255,"(0,7)",22,4,24,0,0.0,0.0
batch2_128_255,"(0,7)",23,4,24,0,0.0,0.0
batch2_128_255,"(0,7)",24,4,24,0,0.0,0.0
batch2_128_255,"(0,7)",25,4,24,0,0.0,0.0
batch2_128_255,"(0,7)",26,4,24,0,0.0,0.0
batch2_128_255,"(0,7)",27,4,24,0,0.0,0.0
batch2_128_255,"(0,7)",28,4,24,0,0.0,0.0
batch2_128_255,"(0,7)",29,4,24,0,0.0,0.0
batch2_128_255,"(0,7)",30,4,24,0,0.0,0.0
batch2_128_255,"(0,7)",31,4,24,0,0.0,0.0
batch2_128_255,"(0,7)",32,4,24,0,0.0,0.0
batch2_128_255,"(0,7)",33,4,24,0,0.0,0.0
batch2_128_255,"(0,7)",34,4,24,0,0.0,0.0
batch2_128_255,"(0,7)",35,4,24,0,0.0,0.0
batch2_128_255,"(0,7)",36,4,24,0,0.0,0.0
batch2_128_255,"(0,7)",37,4,24,0,0.0,0.0
batch2_128_255,"(0,7)",38,4,24,0,0.0,0.0
batch2_128_255,"(0,7)",39,4,24,0,0.0,0.0
batch2_128_255,"(1,2)",0,4,24,0,0.0,0.0
batch2_128_255,"(1,2)",1,4,24,0,0.0,0.0
batch2_128_255,"(1,2)",2,4,24,0,0.0,0.0
batch2_128_255,"(1,2)",3,4,24,0,0.0,0.0
batch2_128_255,"(1,2)",4,4,24,0,0.0,0.0
batch2_128_255,"(1,2)",5,4,24,0,0.0,0.0
batch2_128_255,"(1,2)",6,4,24,0,0.0,0.0
batch2_128_255,"(1,2)",7,4,24,0,0.0,0.0
batch2_128_255,"(1,2)",8,4,24,0,0.0,0.0
batch2_128_255,"(1,2)",9,4,24,0,0.0,0.0
batch2_128_255,"(1,2)",10,4,24,0,0.0,0.0
batch2_128_255,"(1,2)",11,4,24,0,0.0,0.0
batch2_128_255,"(1,2)",12,4,24,0,0.0,0.0
batch2_128_255,"(1,2)",13,4,24,0,0.0,0.0
batch2_128_255,"(1,2)",14,4,24,0,0.0,0.0
batch2_128_255,"(1,2)",15,4,24,0,0.0,0.0
batch2_128_255,"(1,2)",16,4,24,0,0.0,0.0
batch2_128_255,"(1,2)",17,4,24,0,0.0,0.0
batch2_128_255,"(1,2)",18,4,24,0,0.0,0.0
batch2_128_255,"(1,2)",19,4,24,0,0.0,0.0
batch2_128_255,"(1,2)",20,4,24,0,0.0,0.0
batch2_128_255,"(1,2)",21,4,24,0,0.0,0.0
batch2_128_255,"(1,2)",22,4,24,0,0.0,0.0
batch2_128_255,"(1,2)",23,4,24,0,0.0,0.0
batch2_128_255,"(1,2)",24,4,24,0,0.0,0.0
batch2_128_255,"(1,2)",25,4,24,0,0.0,0.0
batch2_128_255,"(1,2)",26,4,24,0,0.0,0.0
batch2_128_255,"(1,2)",27,4,24,0,0.0,0.0
batch2_128_255,"(1,2)",28,4,24,0,0.0,0.0
batch2_128_255,"(1,2)",29,4,24,0,0.0,0.0
batch2_128_255,"(1,2)",30,4,24,0,0.0,0.0
batch2_128_255,"(1,2)",31,4,24,0,0.0,0.0
batch2_128_255,"(1,2)",32,4,24,0,0.0,0.0
batch2_128_255,"(1,2)",33,4,24,0,0.0,0.0
batch2_128_255,"(1,2)",34,4,24,0,0.0,0.0
batch2_128_255,"(1,2)",35,4,24,0,0.0,0.0
batch2_128_255,"(1,2)",36,4,24,0,0.0,0.0
batch2_128_255,"(1,2)",37,4,24,0,0.0,0.0
batch2_128_255,"(1,2)",38,4,24,0,0.0,0.0
batch2_128_255,"(1,2)",39,4,24,0,0.0,0.0
batch2_128_255,"(1,3)",0,4,24,0,0.0,0.0
batch2_128_255,"(1,3)",1,4,24,0,0.0,0.0
batch2_128_255,"(1,3)",2,4,24,0,0.0,0.0
batch2_128_255,"(1,3)",3,4,24,0,0.0,0.0
batch2_128_255,"(1,3)",4,4,24,0,0.0,0.0
batch2_128_255,"(1,3)",5,4,24,0,0.0,0.0
batch2_128_255,"(1,3)",6,4,24,0,0.0,0.0
batch2_128_255,"(1,3)",7,4,24,0,0.0,0.0
batch2_128_255,"(1,3)",8,4,24,0,0.0,0.0
batch2_128_255,"(1,3)",9,4,24,0,0.0,0.0
batch2_128_255,"(1,3)",10,4,24,0,0.0,0.0
batch2_128_255,"(1,3)",11,4,24,0,0.0,0.0
batch2_128_255,"(1,3)",12,4,24,0,0.0,0.0
batch2_128_255,"(1,3)",13,4,24,0,0.0,0.0
batch2_128_255,"(1,3)",14,4,24,0,0.0,0.0
batch2_128_255,"(1,3)",15,4,24,0,0.0,0.0
batch2_128_255,"(1,3)",16,4,24,0,0.0,0.0
batch2_128_255,"(1,3)",17,4,24,0,0.0,0.0
batch2_128_255,"(1,3)",18,4,24,0,0.0,0.0
batch2_128_255,"(1,3)",19,4,24,0,0.0,0.0
batch2_128_255,"(1,3)",20,4,24,0,0.0,0.0
batch2_128_255,"(1,3)",21,4,24,0,0.0,0.0
batch2_128_255,"(1,3)",22,4,24,0,0.0,0.0
batch2_128_255,"(1,3)",23,4,24,0,0.0,0.0
batch2_128_255,"(1,3)",24,4,24,0,0.0,0.0
batch2_128_255,"(1,3)",25,4,24,0,0.0,0.0
batch2_128_255,"(1,3)",26,4,24,0,0.0,0.0
batch2_128_255,"(1,3)",27,4,24,0,0.0,0.0
batch2_128_255,"(1,3)",28,4,24,0,0.0,0.0
batch2_128_255,"(1,3)",29,4,24,0,0.0,0.0
batch2_128_255,"(1,3)",30,4,24,0,0.0,0.0
batch2_128_255,"(1,3)",31,4,24,0,0.0,0.0
batch2_128_255,"(1,3)",32,4,24,0,0.0,0.0
batch2_128_255,"(1,3)",33,4,24,0,0.0,0.0
batch2_128_255,"(1,3)",34,4,24,0,0.0,0.0
batch2_128_255,"(1,3)",35,4,24,0,0.0,0.0
batch2_128_255,"(1,3)",36,4,24,0,0.0,0.0
batch2_128_255,"(1,3)",37,4,24,0,0.0,0.0
batch2_128_255,"(1,3)",38,4,24,0,0.0,0.0
batch2_128_255,"(1,3)",39,4,24,0,0.0,0.0
batch2_128_255,"(1,4)",0,4,24,0,0.0,0.0
batch2_128_255,"(1,4)",1,4,24,0,0.0,0.0
batch2_128_255,"(1,4)",2,4,24,0,0.0,0.0
batch2_128_255,"(1,4)",3,4,24,0,0.0,0.0
batch2_128_255,"(1,4)",4,4,24,0,0.0,0.0
batch2_128_255,"(1,4)",5,4,24,0,0.0,0.0
batch2_128_255,"(1,4)",6,4,24,0,0.0,0.0
batch2_128_255,"(1,4)",7,4,24,0,0.0,0.0
batch2_128_255,"(1,4)",8,4,24,0,0.0,0.0
batch2_128_255,"(1,4)",9,4,24,0,0.0,0.0
batch2_128_255,"(1,4)",10,4,24,0,0.0,0.0
batch2_128_255,"(1,4)",11,4,24,0,0.0,0.0
batch2_128_255,"(1,4)",12,4,24,0,0.0,0.0
batch2_128_255,"(1,4)",13,4,24,0,0.0,0.0
batch2_128_255,"(1,4)",14,4,24,0,0.0,0.0
batch2_128_255,"(1,4)",15,4,24,0,0.0,0.0
batch2_128_255,"(1,4)",16,4,24,0,0.0,0.0
batch2_128_255,"(1,4)",17,4,24,0,0.0,0.0
batch2_128_255,"(1,4)",18,4,24,0,0.0,0.0
batch2_128_255,"(1,4)",19,4,24,0,0.0,0.0
batch2_128_255,"(1,4)",20,4,24,0,0.0,0.0
batch2_128_255,"(1,4)",21,4,24,0,0.0,0.0
batch2_128_255,"(1,4)",22,4,24,0,0.0,0.0
batch2_128_255,"(1,4)",23,4,24,0,0.0,0.0
batch2_128_255,"(1,4)",24,4,24,0,0.0,0.0
batch2_128_255,"(1,4)",25,4,24,0,0.0,0.0
batch2_128_255,"(1,4)",26,4,24,0,0.0,0.0
batch2_128_255,"(1,4)",27,4,24,0,0.0,0.0
batch2_128_255,"(1,4)",28,4,24,0,0.0,0.0
batch2_128_255,"(1,4)",29,4,24,0,0.0,0.0
batch2_128_255,"(1,4)",30,4,24,0,0.0,0.0
batch2_128_255,"(1,4)",31,4,24,0,0.0,0.0
batch2_128_255,"(1,4)",32,4,24,0,0.0,0.0
batch2_128_255,"(1,4)",33,4,24,0,0.0,0.0
batch2_128_255,"(1,4)",34,4,24,0,0.0,0.0
batch2_128_255,"(1,4)",35,4,24,0,0.0,0.0
batch2_128_255,"(1,4)",36,4,24,0,0.0,0.0
batch2_128_255,"(1,4)",37,4,24,0,0.0,0.0
batch2_128_255,"(1,4)",38,4,24,0,0.0,0.0
batch2_128_255,"(1,4)",39,4,24,0,0.0,0.0
batch2_128_255,"(1,5)",0,4,24,0,0.0,0.0
batch2_128_255,"(1,5)",1,4,24,0,0.0,0.0
batch2_128_255,"(1,5)",2,4,24,0,0.0,0.0
batch2_128_255,"(1,5)",3,4,24,0,0.0,0.0
batch2_128_255,"(1,5)",4,4,24,0,0.0,0.0
batch2_128_255,"(1,5)",5,4,24,0,0.0,0.0
batch2_128_255,"(1,5)",6,4,24,0,0.0,0.0
batch2_128_255,"(1,5)",7,4,24,0,0.0,0.0
batch2_128_255,"(1,5)",8,4,24,0,0.0,0.0
batch2_128_255,"(1,5)",9,4,24,0,0.0,0.0
batch2_128_255,"(1,5)",10,4,24,0,0.0,0.0
batch2_128_255,"(1,5)",11,4,24,0,0.0,0.0
batch2_128_255,"(1,5)",12,4,24,0,0.0,0.0
batch2_128_255,"(1,5)",13,4,24,0,0.0,0.0
batch2_128_255,"(1,5)",14,4,24,0,0.0,0.0
batch2_128_255,"(1,5)",15,4,24,0,0.0,0.0
batch2_128_255,"(1,5)",16,4,24,0,0.0,0.0
batch2_128_255,"(1,5)",17,4,24,0,0.0,0.0
batch2_128_255,"(1,5)",18,4,24,0,0.0,0.0
batch2_128_255,"(1,5)",19,4,24,0,0.0,0.0
batch2_128_255,"(1,5)",20,4,24,0,0.0,0.0
batch2_128_255,"(1,5)",21,4,24,0,0.0,0.0
batch2_128_255,"(1,5)",22,4,24,0,0.0,0.0
batch2_128_255,"(1,5)",23,4,24,0,0.0,0.0
batch2_128_255,"(1,5)",24,4,24,0,0.0,0.0
batch2_128_255,"(1,5)",25,4,24,0,0.0,0.0
batch2_128_255,"(1,5)",26,4,24,0,0.0,0.0
batch2_128_255,"(1,5)",27,4,24,0,0.0,0.0
batch2_128_255,"(1,5)",28,4,24,0,0.0,0.0
batch2_128_255,"(1,5)",29,4,24,0,0.0,0.0
batch2_128_255,"(1,5)",30,4,24,0,0.0,0.0
batch2_128_255,"(1,5)",31,4,24,0,0.0,0.0
batch2_128_255,"(1,5)",32,4,24,0,0.0,0.0
batch2_128_255,"(1,5)",33,4,24,0,0.0,0.0
batch2_128_255,"(1,5)",34,4,24,0,0.0,0.0
batch2_128_255,"(1,5)",35,4,24,0,0.0,0.0
batch2_128_255,"(1,5)",36,4,24,0,0.0,0.0
batch2_128_255,"(1,5)",37,4,24,0,0.0,0.0
batch2_128_255,"(1,5)",38,4,24,0,0.0,0.0
batch2_128_255,"(1,5)",39,4,24,0,0.0,0.0
batch2_128_255,"(1,6)",0,4,24,0,0.0,0.0
batch2_128_255,"(1,6)",1,4,24,0,0.0,0.0
batch2_128_255,"(1,6)",2,4,24,0,0.0,0.0
batch2_128_255,"(1,6)",3,4,24,0,0.0,0.0
batch2_128_255,"(1,6)",4,4,24,0,0.0,0.0
batch2_128_255,"(1,6)",5,4,24,0,0.0,0.0
batch2_128_255,"(1,6)",6,4,24,0,0.0,0.0
batch2_128_255,"(1,6)",7,4,24,0,0.0,0.0
batch2_128_255,"(1,6)",8,4,24,0,0.0,0.0
batch2_128_255,"(1,6)",9,4,24,0,0.0,0.0
batch2_128_255,"(1,6)",10,4,24,0,0.0,0.0
batch2_128_255,"(1,6)",11,4,24,0,0.0,0.0
batch2_128_255,"(1,6)",12,4,24,0,0.0,0.0
batch2_128_255,"(1,6)",13,4,24,0,0.0,0.0
batch2_128_255,"(1,6)",14,4,24,0,0.0,0.0
batch2_128_255,"(1,6)",15,4,24,0,0.0,0.0
batch2_128_255,"(1,6)",16,4,24,0,0.0,0.0
batch2_128_255,"(1,6)",17,4,24,0,0.0,0.0
batch2_128_255,"(1,6)",18,4,24,0,0.0,0.0
batch2_128_255,"(1,6)",19,4,24,0,0.0,0.0
batch2_128_255,"(1,6)",20,4,24,0,0.0,0.0
batch2_128_255,"(1,6)",21,4,24,0,0.0,0.0
batch2_128_255,"(1,6)",22,4,24,0,0.0,0.0
batch2_128_255,"(1,6)",23,4,24,0,0.0,0.0
batch2_128_255,"(1,6)",24,4,24,0,0.0,0.0
batch2_128_255,"(1,6)",25,4,24,0,0.0,0.0
batch2_128_255,"(1,6)",26,4,24,0,0.0,0.0
batch2_128_255,"(1,6)",27,4,24,0,0.0,0.0
batch2_128_255,"(1,6)",28,4,24,0,0.0,0.0
batch2_128_255,"(1,6)",29,4,24,0,0.0,0.0
batch2_128_255,"(1,6)",30,4,24,0,0.0,0.0
batch2_128_255,"(1,6)",31,4,24,0,0.0,0.0
batch2_128_255,"(1,6)",32,4,24,0,0.0,0.0
batch2_128_255,"(1,6)",33,4,24,0,0.0,0.0
batch2_128_255,"(1,6)",34,4,24,0,0.0,0.0
batch2_128_255,"(1,6)",35,4,24,0,0.0,0.0
batch2_128_255,"(1,6)",36,4,24,0,0.0,0.0
batch2_128_255,"(1,6)",37,4,24,0,0.0,0.0
batch2_128_255,"(1,6)",38,4,24,0,0.0,0.0
batch2_128_255,"(1,6)",39,4,24,0,0.0,0.0
batch2_128_255,"(1,7)",0,4,24,0,0.0,0.0
batch2_128_255,"(1,7)",1,4,24,0,0.0,0.0
batch2_128_255,"(1,7)",2,4,24,0,0.0,0.0
batch2_128_255,"(1,7)",3,4,24,0,0.0,0.0
batch2_128_255,"(1,7)",4,4,24,0,0.0,0.0
batch2_128_255,"(1,7)",5,4,24,0,0.0,0.0
batch2_128_255,"(1,7)",6,4,24,0,0.0,0.0
batch2_128_255,"(1,7)",7,4,24,0,0.0,0.0
batch2_128_255,"(1,7)",8,4,24,0,0.0,0.0
batch2_128_255,"(1,7)",9,4,24,0,0.0,0.0
batch2_128_255,"(1,7)",10,4,24,0,0.0,0.0
batch2_128_255,"(1,7)",11,4,24,0,0.0,0.0
batch2_128_255,"(1,7)",12,4,24,0,0.0,0.0
batch2_128_255,"(1,7)",13,4,24,0,0.0,0.0
batch2_128_255,"(1,7)",14,4,24,0,0.0,0.0
batch2_128_255,"(1,7)",15,4,24,0,0.0,0.0
batch2_128_255,"(1,7)",16,4,24,0,0.0,0.0
batch2_128_255,"(1,7)",17,4,24,0,0.0,0.0
batch2_128_255,"(1,7)",18,4,24,0,0.0,0.0
batch2_128_255,"(1,7)",19,4,24,0,0.0,0.0
batch2_128_255,"(1,7)",20,4,24,0,0.0,0.0
batch2_128_255,"(1,7)",21,4,24,0,0.0,0.0
batch2_128_255,"(1,7)",22,4,24,0,0.0,0.0
batch2_128_255,"(1,7)",23,4,24,0,0.0,0.0
batch2_128_255,"(1,7)",24,4,24,0,0.0,0.0
batch2_128_255,"(1,7)",25,4,24,0,0.0,0.0
batch2_128_255,"(1,7)",26,4,24,0,0.0,0.0
batch2_128_255,"(1,7)",27,4,24,0,0.0,0.0
batch2_128_255,"(1,7)",28,4,24,0,0.0,0.0
batch2_128_255,"(1,7)",29,4,24,0,0.0,0.0
batch2_128_255,"(1,7)",30,4,24,0,0.0,0.0
batch2_128_255,"(1,7)",31,4,24,0,0.0,0.0
batch2_128_255,"(1,7)",32,4,24,0,0.0,0.0
batch2_128_255,"(1,7)",33,4,24,0,0.0,0.0
batch2_128_255,"(1,7)",34,4,24,0,0.0,0.0
batch2_128_255,"(1,7)",35,4,24,0,0.0,0.0
batch2_128_255,"(1,7)",36,4,24,0,0.0,0.0
batch2_128_255,"(1,7)",37,4,24,0,0.0,0.0
batch2_128_255,"(1,7)",38,4,24,0,0.0,0.0
batch2_128_255,"(1,7)",39,4,24,0,0.0,0.0
batch2_128_255,"(2,3)",0,4,24,0,0.0,0.0
batch2_128_255,"(2,3)",1,4,24,0,0.0,0.0
batch2_128_255,"(2,3)",2,4,24,0,0.0,0.0
batch2_128_255,"(2,3)",3,4,24,0,0.0,0.0
batch2_128_255,"(2,3)",4,4,24,0,0.0,0.0
batch2_128_255,"(2,3)",5,4,24,0,0.0,0.0
batch2_128_255,"(2,3)",6,4,24,0,0.0,0.0
batch2_128_255,"(2,3)",7,4,24,0,0.0,0.0
batch2_128_255,"(2,3)",8,4,24,0,0.0,0.0
batch2_128_255,"(2,3)",9,4,24,0,0.0,0.0
batch2_128_255,"(2,3)",10,4,24,0,0.0,0.0
batch2_128_255,"(2,3)",11,4,24,0,0.0,0.0
batch2_128_255,"(2,3)",12,4,24,0,0.0,0.0
batch2_128_255,"(2,3)",13,4,24,0,0.0,0.0
batch2_128_255,"(2,3)",14,4,24,0,0.0,0.0
batch2_128_255,"(2,3)",15,4,24,0,0.0,0.0
batch2_128_255,"(2,3)",16,4,24,0,0.0,0.0
batch2_128_255,"(2,3)",17,4,24,0,0.0,0.0
batch2_128_255,"(2,3)",18,4,24,0,0.0,0.0
batch2_128_255,"(2,3)",19,4,24,0,0.0,0.0
batch2_128_255,"(2,3)",20,4,24,0,0.0,0.0
batch2_128_255,"(2,3)",21,4,24,0,0.0,0.0
batch2_128_255,"(2,3)",22,4,24,0,0.0,0.0
batch2_128_255,"(2,3)",23,4,24,0,0.0,0.0
batch2_128_255,"(2,3)",24,4,24,0,0.0,0.0
batch2_128_255,"(2,3)",25,4,24,0,0.0,0.0
batch2_128_255,"(2,3)",26,4,24,0,0.0,0.0
batch2_128_255,"(2,3)",27,4,24,0,0.0,0.0
batch2_128_255,"(2,3)",28,4,24,0,0.0,0.0
batch2_128_255,"(2,3)",29,4,24,0,0.0,0.0
batch2_128_255,"(2,3)",30,4,24,0,0.0,0.0
batch2_128_255,"(2,3)",31,4,24,0,0.0,0.0
batch2_128_255,"(2,3)",32,4,24,0,0.0,0.0
batch2_128_255,"(2,3)",33,4,24,0,0.0,0.0
batch2_128_255,"(2,3)",34,4,24,0,0.0,0.0
batch2_128_255,"(2,3)",35,4,24,0,0.0,0.0
batch2_128_255,"(2,3)",36,4,24,0,0.0,0.0
batch2_128_255,"(2,3)",37,4,24,0,0.0,0.0
batch2_128_255,"(2,3)",38,4,24,0,0.0,0.0
batch2_128_255,"(2,3)",39,4,24,0,0.0,0.0
batch2_128_255,"(2,4)",0,4,24,0,0.0,0.0
batch2_128_255,"(2,4)",1,4,24,0,0.0,0.0
batch2_128_255,"(2,4)",2,4,24,0,0.0,0.0
batch2_128_255,"(2,4)",3,4,24,0,0.0,0.0
batch2_128_255,"(2,4)",4,4,24,0,0.0,0.0
batch2_128_255,"(2,4)",5,4,24,0,0.0,0.0
batch2_128_255,"(2,4)",6,4,24,0,0.0,0.0
batch2_128_255,"(2,4)",7,4,24,0,0.0,0.0
batch2_128_255,"(2,4)",8,4,24,0,0.0,0.0
batch2_128_255,"(2,4)",9,4,24,0,0.0,0.0
batch2_128_255,"(2,4)",10,4,24,0,0.0,0.0
batch2_128_255,"(2,4)",11,4,24,0,0.0,0.0
batch2_128_255,"(2,4)",12,4,24,0,0.0,0.0
batch2_128_255,"(2,4)",13,4,24,0,0.0,0.0
batch2_128_255,"(2,4)",14,4,24,0,0.0,0.0
batch2_128_255,"(2,4)",15,4,24,0,0.0,0.0
batch2_128_255,"(2,4)",16,4,24,0,0.0,0.0
batch2_128_255,"(2,4)",17,4,24,0,0.0,0.0
batch2_128_255,"(2,4)",18,4,24,0,0.0,0.0
batch2_128_255,"(2,4)",19,4,24,0,0.0,0.0
batch2_128_255,"(2,4)",20,4,24,0,0.0,0.0
batch2_128_255,"(2,4)",21,4,24,0,0.0,0.0
batch2_128_255,"(2,4)",22,4,24,0,0.0,0.0
batch2_128_255,"(2,4)",23,4,24,0,0.0,0.0
batch2_128_255,"(2,4)",24,4,24,0,0.0,0.0
batch2_128_255,"(2,4)",25,4,24,0,0.0,0.0
batch2_128_255,"(2,4)",26,4,24,0,0.0,0.0
batch2_128_255,"(2,4)",27,4,24,0,0.0,0.0
batch2_128_255,"(2,4)",28,4,24,0,0.0,0.0
batch2_128_255,"(2,4)",29,4,24,0,0.0,0.0
batch2_128_255,"(2,4)",30,4,24,0,0.0,0.0
batch2_128_255,"(2,4)",31,4,24,0,0.0,0.0
batch2_128_255,"(2,4)",32,4,24,0,0.0,0.0
batch2_128_255,"(2,4)",33,4,24,0,0.0,0.0
batch2_128_255,"(2,4)",34,4,24,0,0.0,0.0
batch2_128_255,"(2,4)",35,4,24,0,0.0,0.0
batch2_128_255,"(2,4)",36,4,24,0,0.0,0.0
batch2_128_255,"(2,4)",37,4,24,0,0.0,0.0
batch2_128_255,"(2,4)",38,4,24,0,0.0,0.0
batch2_128_255,"(2,4)",39,4,24,0,0.0,0.0
batch2_128_255,"(2,5)",0,4,24,0,0.0,0.0
batch2_128_255,"(2,5)",1,4,24,0,0.0,0.0
batch2_128_255,"(2,5)",2,4,24,0,0.0,0.0
batch2_128_255,"(2,5)",3,4,24,0,0.0,0.0
batch2_128_255,"(2,5)",4,4,24,0,0.0,0.0
batch2_128_255,"(2,5)",5,4,24,0,0.0,0.0
batch2_128_255,"(2,5)",6,4,24,0,0.0,0.0
batch2_128_255,"(2,5)",7,4,24,0,0.0,0.0
batch2_128_255,"(2,5)",8,4,24,0,0.0,0.0
batch2_128_255,"(2,5)",9,4,24,0,0.0,0.0
batch2_128_255,"(2,5)",10,4,24,0,0.0,0.0
batch2_128_255,"(2,5)",11,4,24,0,0.0,0.0
batch2_128_255,"(2,5)",12,4,24,0,0.0,0.0
batch2_128_255,"(2,5)",13,4,24,0,0.0,0.0
batch2_128_255,"(2,5)",14,4,24,0,0.0,0.0
batch2_128_255,"(2,5)",15,4,24,0,0.0,0.0
batch2_128_255,"(2,5)",16,4,24,0,0.0,0.0
batch2_128_255,"(2,5)",17,4,24,0,0.0,0.0
batch2_128_255,"(2,5)",18,4,24,0,0.0,0.0
batch2_128_255,"(2,5)",19,4,24,0,0.0,0.0
batch2_128_255,"(2,5)",20,4,24,0,0.0,0.0
batch2_128_255,"(2,5)",21,4,24,0,0.0,0.0
batch2_128_255,"(2,5)",22,4,24,0,0.0,0.0
batch2_128_255,"(2,5)",23,4,24,0,0.0,0.0
batch2_128_255,"(2,5)",24,4,24,0,0.0,0.0
batch2_128_255,"(2,5)",25,4,24,0,0.0,0.0
batch2_128_255,"(2,5)",26,4,24,0,0.0,0.0
batch2_128_255,"(2,5)",27,4,24,0,0.0,0.0
batch2_128_255,"(2,5)",28,4,24,0,0.0,0.0
batch2_128_255,"(2,5)",29,4,24,0,0.0,0.0
batch2_128_255,"(2,5)",30,4,24,0,0.0,0.0
batch2_128_255,"(2,5)",31,4,24,0,0.0,0.0
batch2_128_255,"(2,5)",32,4,24,0,0.0,0.0
batch2_128_255,"(2,5)",33,4,24,0,0.0,0.0
batch2_128_255,"(2,5)",34,4,24,0,0.0,0.0
batch2_128_255,"(2,5)",35,4,24,0,0.0,0.0
batch2_128_255,"(2,5)",36,4,24,0,0.0,0.0
batch2_128_255,"(2,5)",37,4,24,0,0.0,0.0
batch2_128_255,"(2,5)",38,4,24,0,0.0,0.0
batch2_128_255,"(2,5)",39,4,24,0,0.0,0.0
batch2_128_255,"(2,6)",0,4,24,0,0.0,0.0
batch2_128_255,"(2,6)",1,4,24,0,0.0,0.0
batch2_128_255,"(2,6)",2,4,24,0,0.0,0.0
batch2_128_255,"(2,6)",3,4,24,0,0.0,0.0
batch2_128_255,"(2,6)",4,4,24,0,0.0,0.0
batch2_128_255,"(2,6)",5,4,24,0,0.0,0.0
batch2_128_255,"(2,6)",6,4,24,0,0.0,0.0
batch2_128_255,"(2,6)",7,4,24,0,0.0,0.0
batch2_128_255,"(2,6)",8,4,24,0,0.0,0.0
batch2_128_255,"(2,6)",9,4,24,0,0.0,0.0
batch2_128_255,"(2,6)",10,4,24,0,0.0,0.0
batch2_128_255,"(2,6)",11,4,24,0,0.0,0.0
batch2_128_255,"(2,6)",12,4,24,0,0.0,0.0
batch2_128_255,"(2,6)",13,4,24,0,0.0,0.0
batch2_128_255,"(2,6)",14,4,24,0,0.0,0.0
batch2_128_255,"(2,6)",15,4,24,0,0.0,0.0
batch2_128_255,"(2,6)",16,4,24,0,0.0,0.0
batch2_128_255,"(2,6)",17,4,24,0,0.0,0.0
batch2_128_255,"(2,6)",18,4,24,0,0.0,0.0
batch2_128_255,"(2,6)",19,4,24,0,0.0,0.0
batch2_128_255,"(2,6)",20,4,24,0,0.0,0.0
batch2_128_255,"(2,6)",21,4,24,0,0.0,0.0
batch2_128_255,"(2,6)",22,4,24,0,0.0,0.0
batch2_128_255,"(2,6)",23,4,24,0,0.0,0.0
batch2_128_255,"(2,6)",24,4,24,0,0.0,0.0
batch2_128_255,"(2,6)",25,4,24,0,0.0,0.0
batch2_128_255,"(2,6)",26,4,24,0,0.0,0.0
batch2_128_255,"(2,6)",27,4,24,0,0.0,0.0
batch2_128_255,"(2,6)",28,4,24,0,0.0,0.0
batch2_128_255,"(2,6)",29,4,24,0,0.0,0.0
batch2_128_255,"(2,6)",30,4,24,0,0.0,0.0
batch2_128_255,"(2,6)",31,4,24,0,0.0,0.0
batch2_128_255,"(2,6)",32,4,24,0,0.0,0.0
batch2_128_255,"(2,6)",33,4,24,0,0.0,0.0
batch2_128_255,"(2,6)",34,4,24,0,0.0,0.0
batch2_128_255,"(2,6)",35,4,24,0,0.0,0.0
batch2_128_255,"(2,6)",36,4,24,0,0.0,0.0
batch2_128_255,"(2,6)",37,4,24,0,0.0,0.0
batch2_128_255,"(2,6)",38,4,24,0,0.0,0.0
batch2_128_255,"(2,6)",39,4,24,0,0.0,0.0
batch2_128_255,"(2,7)",0,4,24,0,0.0,0.0
batch2_128_255,"(2,7)",1,4,24,0,0.0,0.0
batch2_128_255,"(2,7)",2,4,24,0,0.0,0.0
batch2_128_255,"(2,7)",3,4,24,0,0.0,0.0
batch2_128_255,"(2,7)",4,4,24,0,0.0,0.0
batch2_128_255,"(2,7)",5,4,24,0,0.0,0.0
batch2_128_255,"(2,7)",6,4,24,0,0.0,0.0
batch2_128_255,"(2,7)",7,4,24,0,0.0,0.0
batch2_128_255,"(2,7)",8,4,24,0,0.0,0.0
batch2_128_255,"(2,7)",9,4,24,0,0.0,0.0
batch2_128_255,"(2,7)",10,4,24,0,0.0,0.0
batch2_128_255,"(2,7)",11,4,24,0,0.0,0.0
batch2_128_255,"(2,7)",12,4,24,0,0.0,0.0
batch2_128_255,"(2,7)",13,4,24,0,0.0,0.0
batch2_128_255,"(2,7)",14,4,24,0,0.0,0.0
batch2_128_255,"(2,7)",15,4,24,0,0.0,0.0
batch2_128_255,"(2,7)",16,4,24,0,0.0,0.0
batch2_128_255,"(2,7)",17,4,24,0,0.0,0.0
batch2_128_255,"(2,7)",18,4,24,0,0.0,0.0
batch2_128_255,"(2,7)",19,4,24,0,0.0,0.0
batch2_128_255,"(2,7)",20,4,24,0,0.0,0.0
batch2_128_255,"(2,7)",21,4,24,0,0.0,0.0
batch2_128_255,"(2,7)",22,4,24,0,0.0,0.0
batch2_128_255,"(2,7)",23,4,24,0,0.0,0.0
batch2_128_255,"(2,7)",24,4,24,0,0.0,0.0
batch2_128_255,"(2,7)",25,4,24,0,0.0,0.0
batch2_128_255,"(2,7)",26,4,24,0,0.0,0.0
batch2_128_255,"(2,7)",27,4,24,0,0.0,0.0
batch2_128_255,"(2,7)",28,4,24,0,0.0,0.0
batch2_128_255,"(2,7)",29,4,24,0,0.0,0.0
batch2_128_255,"(2,7)",30,4,24,0,0.0,0.0
batch2_128_255,"(2,7)",31,4,24,0,0.0,0.0
batch2_128_255,"(2,7)",32,4,24,0,0.0,0.0
batch2_128_255,"(2,7)",33,4,24,0,0.0,0.0
batch2_128_255,"(2,7)",34,4,24,0,0.0,0.0
batch2_128_255,"(2,7)",35,4,24,0,0.0,0.0
batch2_128_255,"(2,7)",36,4,24,0,0.0,0.0
batch2_128_255,"(2,7)",37,4,24,0,0.0,0.0
batch2_128_255,"(2,7)",38,4,24,0,0.0,0.0
batch2_128_255,"(2,7)",39,4,24,0,0.0,0.0
batch2_128_255,"(3,4)",0,4,24,0,0.0,0.0
batch2_128_255,"(3,4)",1,4,24,0,0.0,0.0
batch2_128_255,"(3,4)",2,4,24,0,0.0,0.0
batch2_128_255,"(3,4)",3,4,24,0,0.0,0.0
batch2_128_255,"(3,4)",4,4,24,0,0.0,0.0
batch2_128_255,"(3,4)",5,4,24,0,0.0,0.0
batch2_128_255,"(3,4)",6,4,24,0,0.0,0.0
batch2_128_255,"(3,4)",7,4,24,0,0.0,0.0
batch2_128_255,"(3,4)",8,4,24,0,0.0,0.0
batch2_128_255,"(3,4)",9,4,24,0,0.0,0.0
batch2_128_255,"(3,4)",10,4,24,0,0.0,0.0
batch2_128_255,"(3,4)",11,4,24,0,0.0,0.0
batch2_128_255,"(3,4)",12,4,24,0,0.0,0.0
batch2_128_255,"(3,4)",13,4,24,0,0.0,0.0
batch2_128_255,"(3,4)",14,4,24,0,0.0,0.0
batch2_128_255,"(3,4)",15,4,24,0,0.0,0.0
batch2_128_255,"(3,4)",16,4,24,0,0.0,0.0
batch2_128_255,"(3,4)",17,4,24,0,0.0,0.0
batch2_128_255,"(3,4)",18,4,24,0,0.0,0.0
batch2_128_255,"(3,4)",19,4,24,0,0.0,0.0
batch2_128_255,"(3,4)",20,4,24,0,0.0,0.0
batch2_128_255,"(3,4)",21,4,24,0,0.0,0.0
batch2_128_255,"(3,4)",22,4,24,0,0.0,0.0
batch2_128_255,"(3,4)",23,4,24,0,0.0,0.0
batch2_128_255,"(3,4)",24,4,24,0,0.0,0.0
batch2_128_255,"(3,4)",25,4,24,0,0.0,0.0
batch2_128_255,"(3,4)",26,4,24,0,0.0,0.0
batch2_128_255,"(3,4)",27,4,24,0,0.0,0.0
batch2_128_255,"(3,4)",28,4,24,0,0.0,0.0
batch2_128_255,"(3,4)",29,4,24,0,0.0,0.0
batch2_128_255,"(3,4)",30,4,24,0,0.0,0.0
batch2_128_255,"(3,4)",31,4,24,0,0.0,0.0
batch2_128_255,"(3,4)",32,4,24,0,0.0,0.0
batch2_128_255,"(3,4)",33,4,24,0,0.0,0.0
batch2_128_255,"(3,4)",34,4,24,0,0.0,0.0
batch2_128_255,"(3,4)",35,4,24,0,0.0,0.0
batch2_128_255,"(3,4)",36,4,24,0,0.0,0.0
batch2_128_255,"(3,4)",37,4,24,0,0.0,0.0
batch2_128_255,"(3,4)",38,4,24,0,0.0,0.0
batch2_128_255,"(3,4)",39,4,24,0,0.0,0.0
batch2_128_255,"(3,5)",0,4,24,0,0.0,0.0
batch2_128_255,"(3,5)",1,4,24,0,0.0,0.0
batch2_128_255,"(3,5)",2,4,24,0,0.0,0.0
batch2_128_255,"(3,5)",3,4,24,0,0.0,0.0
batch2_128_255,"(3,5)",4,4,24,0,0.0,0.0
batch2_128_255,"(3,5)",5,4,24,0,0.0,0.0
batch2_128_255,"(3,5)",6,4,24,0,0.0,0.0
batch2_128_255,"(3,5)",7,4,24,0,0.0,0.0
batch2_128_255,"(3,5)",8,4,24,0,0.0,0.0
batch2_128_255,"(3,5)",9,4,24,0,0.0,0.0
batch2_128_255,"(3,5)",10,4,24,0,0.0,0.0
batch2_128_255,"(3,5)",11,4,24,0,0.0,0.0
batch2_128_255,"(3,5)",12,4,24,0,0.0,0.0
batch2_128_255,"(3,5)",13,4,24,0,0.0,0.0
batch2_128_255,"(3,5)",14,4,24,0,0.0,0.0
batch2_128_255,"(3,5)",15,4,24,0,0.0,0.0
batch2_128_255,"(3,5)",16,4,24,0,0.0,0.0
batch2_128_255,"(3,5)",17,4,24,0,0.0,0.0
batch2_128_255,"(3,5)",18,4,24,0,0.0,0.0
batch2_128_255,"(3,5)",19,4,24,0,0.0,0.0
batch2_128_255,"(3,5)",20,4,24,0,0.0,0.0
batch2_128_255,"(3,5)",21,4,24,0,0.0,0.0
batch2_128_255,"(3,5)",22,4,24,0,0.0,0.0
batch2_128_255,"(3,5)",23,4,24,0,0.0,0.0
batch2_128_255,"(3,5)",24,4,24,0,0.0,0.0
batch2_128_255,"(3,5)",25,4,24,0,0.0,0.0
batch2_128_255,"(3,5)",26,4,24,0,0.0,0.0
batch2_128_255,"(3,5)",27,4,24,0,0.0,0.0
batch2_128_255,"(3,5)",28,4,24,0,0.0,0.0
batch2_128_255,"(3,5)",29,4,24,0,0.0,0.0
batch2_128_255,"(3,5)",30,4,24,0,0.0,0.0
batch2_128_255,"(3,5)",31,4,24,0,0.0,0.0
batch2_128_255,"(3,5)",32,4,24,0,0.0,0.0
batch2_128_255,"(3,5)",33,4,24,0,0.0,0.0
batch2_128_255,"(3,5)",34,4,24,0,0.0,0.0
batch2_128_255,"(3,5)",35,4,24,0,0.0,0.0
batch2_128_255,"(3,5)",36,4,24,0,0.0,0.0
batch2_128_255,"(3,5)",37,4,24,0,0.0,0.0
batch2_128_255,"(3,5)",38,4,24,0,0.0,0.0
batch2_128_255,"(3,5)",39,4,24,0,0.0,0.0
batch2_128_255,"(3,6)",0,4,24,0,0.0,0.0
batch2_128_255,"(3,6)",1,4,24,0,0.0,0.0
batch2_128_255,"(3,6)",2,4,24,0,0.0,0.0
batch2_128_255,"(3,6)",3,4,24,0,0.0,0.0
batch2_128_255,"(3,6)",4,4,24,0,0.0,0.0
batch2_128_255,"(3,6)",5,4,24,0,0.0,0.0
batch2_128_255,"(3,6)",6,4,24,0,0.0,0.0
batch2_128_255,"(3,6)",7,4,24,0,0.0,0.0
batch2_128_255,"(3,6)",8,4,24,0,0.0,0.0
batch2_128_255,"(3,6)",9,4,24,0,0.0,0.0
batch2_128_255,"(3,6)",10,4,24,0,0.0,0.0
batch2_128_255,"(3,6)",11,4,24,0,0.0,0.0
batch2_128_255,"(3,6)",12,4,24,0,0.0,0.0
batch2_128_255,"(3,6)",13,4,24,0,0.0,0.0
batch2_128_255,"(3,6)",14,4,24,0,0.0,0.0
batch2_128_255,"(3,6)",15,4,24,0,0.0,0.0
batch2_128_255,"(3,6)",16,4,24,0,0.0,0.0
batch2_128_255,"(3,6)",17,4,24,0,0.0,0.0
batch2_128_255,"(3,6)",18,4,24,0,0.0,0.0
batch2_128_255,"(3,6)",19,4,24,0,0.0,0.0
batch2_128_255,"(3,6)",20,4,24,0,0.0,0.0
batch2_128_255,"(3,6)",21,4,24,0,0.0,0.0
batch2_128_255,"(3,6)",22,4,24,0,0.0,0.0
batch2_128_255,"(3,6)",23,4,24,0,0.0,0.0
batch2_128_255,"(3,6)",24,4,24,0,0.0,0.0
batch2_128_255,"(3,6)",25,4,24,0,0.0,0.0
batch2_128_255,"(3,6)",26,4,24,0,0.0,0.0
batch2_128_255,"(3,6)",27,4,24,0,0.0,0.0
batch2_128_255,"(3,6)",28,4,24,0,0.0,0.0
batch2_128_255,"(3,6)",29,4,24,0,0.0,0.0
batch2_128_255,"(3,6)",30,4,24,0,0.0,0.0
batch2_128_255,"(3,6)",31,4,24,0,0.0,0.0
batch2_128_255,"(3,6)",32,4,24,0,0.0,0.0
batch2_128_255,"(3,6)",33,4,24,0,0.0,0.0
batch2_128_255,"(3,6)",34,4,24,0,0.0,0.0
batch2_128_255,"(3,6)",35,4,24,0,0.0,0.0
batch2_128_255,"(3,6)",36,4,24,0,0.0,0.0
batch2_128_255,"(3,6)",37,4,24,0,0.0,0.0
batch2_128_255,"(3,6)",38,4,24,0,0.0,0.0
batch2_128_255,"(3,6)",39,4,24,0,0.0,0.0
batch2_128_255,"(3,7)",0,4,24,0,0.0,0.0
batch2_128_255,"(3,7)",1,4,24,0,0.0,0.0
batch2_128_255,"(3,7)",2,4,24,0,0.0,0.0
batch2_128_255,"(3,7)",3,4,24,0,0.0,0.0
batch2_128_255,"(3,7)",4,4,24,0,0.0,0.0
batch2_128_255,"(3,7)",5,4,24,0,0.0,0.0
batch2_128_255,"(3,7)",6,4,24,0,0.0,0.0
batch2_128_255,"(3,7)",7,4,24,0,0.0,0.0
batch2_128_255,"(3,7)",8,4,24,0,0.0,0.0
batch2_128_255,"(3,7)",9,4,24,0,0.0,0.0
batch2_128_255,"(3,7)",10,4,24,0,0.0,0.0
batch2_128_255,"(3,7)",11,4,24,0,0.0,0.0
batch2_128_255,"(3,7)",12,4,24,0,0.0,0.0
batch2_128_255,"(3,7)",13,4,24,0,0.0,0.0
batch2_128_255,"(3,7)",14,4,24,0,0.0,0.0
batch2_128_255,"(3,7)",15,4,24,0,0.0,0.0
batch2_128_255,"(3,7)",16,4,24,0,0.0,0.0
batch2_128_255,"(3,7)",17,4,24,0,0.0,0.0
batch2_128_255,"(3,7)",18,4,24,0,0.0,0.0
batch2_128_255,"(3,7)",19,4,24,0,0.0,0.0
batch2_128_255,"(3,7)",20,4,24,0,0.0,0.0
batch2_128_255,"(3,7)",21,4,24,0,0.0,0.0
batch2_128_255,"(3,7)",22,4,24,0,0.0,0.0
batch2_128_255,"(3,7)",23,4,24,0,0.0,0.0
batch2_128_255,"(3,7)",24,4,24,0,0.0,0.0
batch2_128_255,"(3,7)",25,4,24,0,0.0,0.0
batch2_128_255,"(3,7)",26,4,24,0,0.0,0.0
batch2_128_255,"(3,7)",27,4,24,0,0.0,0.0
batch2_128_255,"(3,7)",28,4,24,0,0.0,0.0
batch2_128_255,"(3,7)",29,4,24,0,0.0,0.0
batch2_128_255,"(3,7)",30,4,24,0,0.0,0.0
batch2_128_255,"(3,7)",31,4,24,0,0.0,0.0
batch2_128_255,"(3,7)",32,4,24,0,0.0,0.0
batch2_128_255,"(3,7)",33,4,24,0,0.0,0.0
batch2_128_255,"(3,7)",34,4,24,0,0.0,0.0
batch2_128_255,"(3,7)",35,4,24,0,0.0,0.0
batch2_128_255,"(3,7)",36,4,24,0,0.0,0.0
batch2_128_255,"(3,7)",37,4,24,0,0.0,0.0
batch2_128_255,"(3,7)",38,4,24,0,0.0,0.0
batch2_128_255,"(3,7)",39,4,24,0,0.0,0.0
batch2_128_255,"(4,5)",0,4,24,0,0.0,0.0
batch2_128_255,"(4,5)",1,4,24,0,0.0,0.0
batch2_128_255,"(4,5)",2,4,24,0,0.0,0.0
batch2_128_255,"(4,5)",3,4,24,0,0.0,0.0
batch2_128_255,"(4,5)",4,4,24,0,0.0,0.0
batch2_128_255,"(4,5)",5,4,24,0,0.0,0.0
batch2_128_255,"(4,5)",6,4,24,0,0.0,0.0
batch2_128_255,"(4,5)",7,4,24,0,0.0,0.0
batch2_128_255,"(4,5)",8,4,24,0,0.0,0.0
batch2_128_255,"(4,5)",9,4,24,0,0.0,0.0
batch2_128_255,"(4,5)",10,4,24,0,0.0,0.0
batch2_128_255,"(4,5)",11,4,24,0,0.0,0.0
batch2_128_255,"(4,5)",12,4,24,0,0.0,0.0
batch2_128_255,"(4,5)",13,4,24,0,0.0,0.0
batch2_128_255,"(4,5)",14,4,24,0,0.0,0.0
batch2_128_255,"(4,5)",15,4,24,0,0.0,0.0
batch2_128_255,"(4,5)",16,4,24,0,0.0,0.0
batch2_128_255,"(4,5)",17,4,24,0,0.0,0.0
batch2_128_255,"(4,5)",18,4,24,0,0.0,0.0
batch2_128_255,"(4,5)",19,4,24,0,0.0,0.0
batch2_128_255,"(4,5)",20,4,24,0,0.0,0.0
batch2_128_255,"(4,5)",21,4,24,0,0.0,0.0
batch2_128_255,"(4,5)",22,4,24,0,0.0,0.0
batch2_128_255,"(4,5)",23,4,24,0,0.0,0.0
batch2_128_255,"(4,5)",24,4,24,0,0.0,0.0
batch2_128_255,"(4,5)",25,4,24,0,0.0,0.0
batch2_128_255,"(4,5)",26,4,24,0,0.0,0.0
batch2_128_255,"(4,5)",27,4,24,0,0.0,0.0
batch2_128_255,"(4,5)",28,4,24,0,0.0,0.0
batch2_128_255,"(4,5)",29,4,24,0,0.0,0.0
batch2_128_255,"(4,5)",30,4,24,0,0.0,0.0
batch2_128_255,"(4,5)",31,4,24,0,0.0,0.0
batch2_128_255,"(4,5)",32,4,24,0,0.0,0.0
batch2_128_255,"(4,5)",33,4,24,0,0.0,0.0
batch2_128_255,"(4,5)",34,4,24,0,0.0,0.0
batch2_128_255,"(4,5)",35,4,24,0,0.0,0.0
batch2_128_255,"(4,5)",36,4,24,0,0.0,0.0
batch2_128_255,"(4,5)",37,4,24,0,0.0,0.0
batch2_128_255,"(4,5)",38,4,24,0,0.0,0.0
batch2_128_255,"(4,5)",39,4,24,0,0.0,0.0
batch2_128_255,"(4,6)",0,4,24,0,0.0,0.0
batch2_128_255,"(4,6)",1,4,24,0,0.0,0.0
batch2_128_255,"(4,6)",2,4,24,0,0.0,0.0
batch2_128_255,"(4,6)",3,4,24,0,0.0,0.0
batch2_128_255,"(4,6)",4,4,24,0,0.0,0.0
batch2_128_255,"(4,6)",5,4,24,0,0.0,0.0
batch2_128_255,"(4,6)",6,4,24,0,0.0,0.0
batch2_128_255,"(4,6)",7,4,24,0,0.0,0.0
batch2_128_255,"(4,6)",8,4,24,0,0.0,0.0
batch2_128_255,"(4,6)",9,4,24,0,0.0,0.0
batch2_128_255,"(4,6)",10,4,24,0,0.0,0.0
batch2_128_255,"(4,6)",11,4,24,0,0.0,0.0
batch2_128_255,"(4,6)",12,4,24,0,0.0,0.0
batch2_128_255,"(4,6)",13,4,24,0,0.0,0.0
batch2_128_255,"(4,6)",14,4,24,0,0.0,0.0
batch2_128_255,"(4,6)",15,4,24,0,0.0,0.0
batch2_128_255,"(4,6)",16,4,24,0,0.0,0.0
batch2_128_255,"(4,6)",17,4,24,0,0.0,0.0
batch2_128_255,"(4,6)",18,4,24,0,0.0,0.0
batch2_128_255,"(4,6)",19,4,24,0,0.0,0.0
batch2_128_255,"(4,6)",20,4,24,0,0.0,0.0
batch2_128_255,"(4,6)",21,4,24,0,0.0,0.0
batch2_128_255,"(4,6)",22,4,24,0,0.0,0.0
batch2_128_255,"(4,6)",23,4,24,0,0.0,0.0
batch2_128_255,"(4,6)",24,4,24,0,0.0,0.0
batch2_128_255,"(4,6)",25,4,24,0,0.0,0.0
batch2_128_255,"(4,6)",26,4,24,0,0.0,0.0
batch2_128_255,"(4,6)",27,4,24,0,0.0,0.0
batch2_128_255,"(4,6)",28,4,24,0,0.0,0.0
batch2_128_255,"(4,6)",29,4,24,0,0.0,0.0
batch2_128_255,"(4,6)",30,4,24,0,0.0,0.0
batch2_128_255,"(4,6)",31,4,24,0,0.0,0.0
batch2_128_255,"(4,6)",32,4,24,0,0.0,0.0
batch2_128_255,"(4,6)",33,4,24,0,0.0,0.0
batch2_128_255,"(4,6)",34,4,24,0,0.0,0.0
batch2_128_255,"(4,6)",35,4,24,0,0.0,0.0
batch2_128_255,"(4,6)",36,4,24,0,0.0,0.0
batch2_128_255,"(4,6)",37,4,24,0,0.0,0.0
batch2_128_255,"(4,6)",38,4,24,0,0.0,0.0
batch2_128_255,"(4,6)",39,4,24,0,0.0,0.0
batch2_128_255,"(4,7)",0,4,24,0,0.0,0.0
batch2_128_255,"(4,7)",1,4,24,0,0.0,0.0
batch2_128_255,"(4,7)",2,4,24,0,0.0,0.0
batch2_128_255,"(4,7)",3,4,24,0,0.0,0.0
batch2_128_255,"(4,7)",4,4,24,0,0.0,0.0
batch2_128_255,"(4,7)",5,4,24,0,0.0,0.0
batch2_128_255,"(4,7)",6,4,24,0,0.0,0.0
batch2_128_255,"(4,7)",7,4,24,0,0.0,0.0
batch2_128_255,"(4,7)",8,4,24,0,0.0,0.0
batch2_128_255,"(4,7)",9,4,24,0,0.0,0.0
batch2_128_255,"(4,7)",10,4,24,0,0.0,0.0
batch2_128_255,"(4,7)",11,4,24,0,0.0,0.0
batch2_128_255,"(4,7)",12,4,24,0,0.0,0.0
batch2_128_255,"(4,7)",13,4,24,0,0.0,0.0
batch2_128_255,"(4,7)",14,4,24,0,0.0,0.0
batch2_128_255,"(4,7)",15,4,24,0,0.0,0.0
batch2_128_255,"(4,7)",16,4,24,0,0.0,0.0
batch2_128_255,"(4,7)",17,4,24,0,0.0,0.0
batch2_128_255,"(4,7)",18,4,24,0,0.0,0.0
batch2_128_255,"(4,7)",19,4,24,0,0.0,0.0
batch2_128_255,"(4,7)",20,4,24,0,0.0,0.0
batch2_128_255,"(4,7)",21,4,24,0,0.0,0.0
batch2_128_255,"(4,7)",22,4,24,0,0.0,0.0
batch2_128_255,"(4,7)",23,4,24,0,0.0,0.0
batch2_128_255,"(4,7)",24,4,24,0,0.0,0.0
batch2_128_255,"(4,7)",25,4,24,0,0.0,0.0
batch2_128_255,"(4,7)",26,4,24,0,0.0,0.0
batch2_128_255,"(4,7)",27,4,24,0,0.0,0.0
batch2_128_255,"(4,7)",28,4,24,0,0.0,0.0
batch2_128_255,"(4,7)",29,4,24,0,0.0,0.0
batch2_128_255,"(4,7)",30,4,24,0,0.0,0.0
batch2_128_255,"(4,7)",31,4,24,0,0.0,0.0
batch2_128_255,"(4,7)",32,4,24,0,0.0,0.0
batch2_128_255,"(4,7)",33,4,24,0,0.0,0.0
batch2_128_255,"(4,7)",34,4,24,0,0.0,0.0
batch2_128_255,"(4,7)",35,4,24,0,0.0,0.0
batch2_128_255,"(4,7)",36,4,24,0,0.0,0.0
batch2_128_255,"(4,7)",37,4,24,0,0.0,0.0
batch2_128_255,"(4,7)",38,4,24,0,0.0,0.0
batch2_128_255,"(4,7)",39,4,24,0,0.0,0.0
batch2_128_255,"(5,6)",0,4,24,0,0.0,0.0
batch2_128_255,"(5,6)",1,4,24,0,0.0,0.0
batch2_128_255,"(5,6)",2,4,24,0,0.0,0.0
batch2_128_255,"(5,6)",3,4,24,0,0.0,0.0
batch2_128_255,"(5,6)",4,4,24,0,0.0,0.0
batch2_128_255,"(5,6)",5,4,24,0,0.0,0.0
batch2_128_255,"(5,6)",6,4,24,0,0.0,0.0
batch2_128_255,"(5,6)",7,4,24,0,0.0,0.0
batch2_128_255,"(5,6)",8,4,24,0,0.0,0.0
batch2_128_255,"(5,6)",9,4,24,0,0.0,0.0
batch2_128_255,"(5,6)",10,4,24,0,0.0,0.0
batch2_128_255,"(5,6)",11,4,24,0,0.0,0.0
batch2_128_255,"(5,6)",12,4,24,0,0.0,0.0
batch2_128_255,"(5,6)",13,4,24,0,0.0,0.0
batch2_128_255,"(5,6)",14,4,24,0,0.0,0.0
batch2_128_255,"(5,6)",15,4,24,0,0.0,0.0
batch2_128_255,"(5,6)",16,4,24,0,0.0,0.0
batch2_128_255,"(5,6)",17,4,24,0,0.0,0.0
batch2_128_255,"(5,6)",18,4,24,0,0.0,0.0
batch2_128_255,"(5,6)",19,4,24,0,0.0,0.0
batch2_128_255,"(5,6)",20,4,24,0,0.0,0.0
batch2_128_255,"(5,6)",21,4,24,0,0.0,0.0
batch2_128_255,"(5,6)",22,4,24,0,0.0,0.0
batch2_128_255,"(5,6)",23,4,24,0,0.0,0.0
batch2_128_255,"(5,6)",24,4,24,0,0.0,0.0
batch2_128_255,"(5,6)",25,4,24,0,0.0,0.0
batch2_128_255,"(5,6)",26,4,24,0,0.0,0.0
batch2_128_255,"(5,6)",27,4,24,0,0.0,0.0
batch2_128_255,"(5,6)",28,4,24,0,0.0,0.0
batch2_128_255,"(5,6)",29,4,24,0,0.0,0.0
batch2_128_255,"(5,6)",30,4,24,0,0.0,0.0
batch2_128_255,"(5,6)",31,4,24,0,0.0,0.0
batch2_128_255,"(5,6)",32,4,24,0,0.0,0.0
batch2_128_255,"(5,6)",33,4,24,0,0.0,0.0
batch2_128_255,"(5,6)",34,4,24,0,0.0,0.0
batch2_128_255,"(5,6)",35,4,24,0,0.0,0.0
batch2_128_255,"(5,6)",36,4,24,0,0.0,0.0
batch2_128_255,"(5,6)",37,4,24,0,0.0,0.0
batch2_128_255,"(5,6)",38,4,24,0,0.0,0.0
batch2_128_255,"(5,6)",39,4,24,0,0.0,0.0
batch2_128_255,"(5,7)",0,4,24,0,0.0,0.0
batch2_128_255,"(5,7)",1,4,24,0,0.0,0.0
batch2_128_255,"(5,7)",2,4,24,0,0.0,0.0
batch2_128_255,"(5,7)",3,4,24,0,0.0,0.0
batch2_128_255,"(5,7)",4,4,24,0,0.0,0.0
batch2_128_255,"(5,7)",5,4,24,0,0.0,0.0
batch2_128_255,"(5,7)",6,4,24,0,0.0,0.0
batch2_128_255,"(5,7)",7,4,24,0,0.0,0.0
batch2_128_255,"(5,7)",8,4,24,0,0.0,0.0
batch2_128_255,"(5,7)",9,4,24,0,0.0,0.0
batch2_128_255,"(5,7)",10,4,24,0,0.0,0.0
batch2_128_255,"(5,7)",11,4,24,0,0.0,0.0
batch2_128_255,"(5,7)",12,4,24,0,0.0,0.0
batch2_128_255,"(5,7)",13,4,24,0,0.0,0.0
batch2_128_255,"(5,7)",14,4,24,0,0.0,0.0
batch2_128_255,"(5,7)",15,4,24,0,0.0,0.0
batch2_128_255,"(5,7)",16,4,24,0,0.0,0.0
batch2_128_255,"(5,7)",17,4,24,0,0.0,0.0
batch2_128_255,"(5,7)",18,4,24,0,0.0,0.0
batch2_128_255,"(5,7)",19,4,24,0,0.0,0.0
batch2_128_255,"(5,7)",20,4,24,0,0.0,0.0
batch2_128_255,"(5,7)",21,4,24,0,0.0,0.0
batch2_128_255,"(5,7)",22,4,24,0,0.0,0.0
batch2_128_255,"(5,7)",23,4,24,0,0.0,0.0
batch2_128_255,"(5,7)",24,4,24,0,0.0,0.0
batch2_128_255,"(5,7)",25,4,24,0,0.0,0.0
batch2_128_255,"(5,7)",26,4,24,0,0.0,0.0
batch2_128_255,"(5,7)",27,4,24,0,0.0,0.0
batch2_128_255,"(5,7)",28,4,24,0,0.0,0.0
batch2_128_255,"(5,7)",29,4,24,0,0.0,0.0
batch2_128_255,"(5,7)",30,4,24,0,0.0,0.0
batch2_128_255,"(5,7)",31,4,24,0,0.0,0.0
batch2_128_255,"(5,7)",32,4,24,0,0.0,0.0
batch2_128_255,"(5,7)",33,4,24,0,0.0,0.0
batch2_128_255,"(5,7)",34,4,24,0,0.0,0.0
batch2_128_255,"(5,7)",35,4,24,0,0.0,0.0
batch2_128_255,"(5,7)",36,4,24,0,0.0,0.0
batch2_128_255,"(5,7)",37,4,24,0,0.0,0.0
batch2_128_255,"(5,7)",38,4,24,0,0.0,0.0
batch2_128_255,"(5,7)",39,4,24,0,0.0,0.0
batch2_128_255,"(6,7)",0,4,24,0,0.0,0.0
batch2_128_255,"(6,7)",1,4,24,0,0.0,0.0
batch2_128_255,"(6,7)",2,4,24,0,0.0,0.0
batch2_128_255,"(6,7)",3,4,24,0,0.0,0.0
batch2_128_255,"(6,7)",4,4,24,0,0.0,0.0
batch2_128_255,"(6,7)",5,4,24,0,0.0,0.0
batch2_128_255,"(6,7)",6,4,24,0,0.0,0.0
batch2_128_255,"(6,7)",7,4,24,0,0.0,0.0
batch2_128_255,"(6,7)",8,4,24,0,0.0,0.0
batch2_128_255,"(6,7)",9,4,24,0,0.0,0.0
batch2_128_255,"(6,7)",10,4,24,0,0.0,0.0
batch2_128_255,"(6,7)",11,4,24,0,0.0,0.0
batch2_128_255,"(6,7)",12,4,24,0,0.0,0.0
batch2_128_255,"(6,7)",13,4,24,0,0.0,0.0
batch2_128_255,"(6,7)",14,4,24,0,0.0,0.0
batch2_128_255,"(6,7)",15,4,24,0,0.0,0.0
batch2_128_255,"(6,7)",16,4,24,0,0.0,0.0
batch2_128_255,"(6,7)",17,4,24,0,0.0,0.0
batch2_128_255,"(6,7)",18,4,24,0,0.0,0.0
batch2_128_255,"(6,7)",19,4,24,0,0.0,0.0
batch2_128_255,"(6,7)",20,4,24,0,0.0,0.0
batch2_128_255,"(6,7)",21,4,24,0,0.0,0.0
batch2_128_255,"(6,7)",22,4,24,0,0.0,0.0
batch2_128_255,"(6,7)",23,4,24,0,0.0,0.0
batch2_128_255,"(6,7)",24,4,24,0,0.0,0.0
batch2_128_255,"(6,7)",25,4,24,0,0.0,0.0
batch2_128_255,"(6,7)",26,4,24,0,0.0,0.0
batch2_128_255,"(6,7)",27,4,24,0,0.0,0.0
batch2_128_255,"(6,7)",28,4,24,0,0.0,0.0
batch2_128_255,"(6,7)",29,4,24,0,0.0,0.0
batch2_128_255,"(6,7)",30,4,24,0,0.0,0.0
batch2_128_255,"(6,7)",31,4,24,0,0.0,0.0
batch2_128_255,"(6,7)",32,4,24,0,0.0,0.0
batch2_128_255,"(6,7)",33,4,24,0,0.0,0.0
batch2_128_255,"(6,7)",34,4,24,0,0.0,0.0
batch2_128_255,"(6,7)",35,4,24,0,0.0,0.0
batch2_128_255,"(6,7)",36,4,24,0,0.0,0.0
batch2_128_255,"(6,7)",37,4,24,0,0.0,0.0
batch2_128_255,"(6,7)",38,4,24,0,0.0,0.0
batch2_128_255,"(6,7)",39,4,24,0,0.0,0.0
