batch,pair_i,pair_j,pair,mean_D_E,mean_abs_D_E_over_abs_D_total,mean_D_U_embed,mean_abs_D_U_embed_over_abs_D_total,mean_D_U_block0,mean_abs_D_U_block0_over_abs_D_total,mean_D_U_block1_pre,mean_abs_D_U_block1_pre_over_abs_D_total,mean_D_R_L0,mean_abs_D_R_L0_over_abs_D_total,mean_D_R_L1,mean_abs_D_R_L1_over_abs_D_total,weighted_E,weighted_U_embed,weighted_U_block0,weighted_U_block1_pre,weighted_R_L0,weighted_R_L1,zero_total_steps,max_abs_fixed_residual_vs_E,median_abs_fixed_residual_vs_E,spearman_total_E,spearman_total_U_embed,spearman_total_U_block0,spearman_total_U_block1_pre,spearman_total_R_L0,spearman_total_R_L1
batch1_0_127,0,1,"(0,1)",0.00014330333016723262,0.1587031678504709,0.0007664191767844386,0.5359428695845253,-0.00259106126720744,0.7614229415912137,-0.00037356514861563994,0.14501288942267082,2.1244255873398287e-05,0.009806900747614916,-0.0009285375190529521,0.19423363893472106,0.046660422855419215,0.3449085528191841,0.3893719993768252,0.10332109888127879,0.002918221688373432,0.1674844123776662,0,2.3205569377182655e-07,6.163543986303921e-08,0.9682926829268295,0.6335834896810508,0.7388367729831146,0.9870544090056286,0.6517823639774861,0.978986866791745
batch1_0_127,0,2,"(0,2)",0.0003950194479500624,0.0321297949151501,-0.0007037738193986342,0.5176179784316783,0.00473392958966805,0.5274559694714804,0.001284188548889631,0.11701940746280781,0.00026921485778075294,0.02523954107121426,-0.0004297760841609488,0.05611124953583241,0.024801765242803142,0.3995472636993079,0.49591253599486607,0.08265198532984452,0.014549223201161185,0.03618931565341458,0,3.1673198463977315e-07,5.374701572691265e-08,0.9990619136960602,0.9870544090056286,0.9992495309568482,0.9990619136960602,-0.9311444652908069,0.998874296435272
batch1_0_127,0,3,"(0,3)",0.0002365291196646524,0.03517814489752092,0.0016432097223969323,0.521168986594427,0.004308737815807633,0.5660379464967862,0.0003144278555184954,0.07333830136798018,0.00013309074201970362,0.021570081661188623,-0.00044633630441239804,0.11193805986020564,0.018177094819491563,0.4227222388486874,0.47776815248513893,0.06466869046067351,0.007423128568964589,0.03012683052956449,0,1.9176604837412015e-07,4.41810996676395e-08,0.9998123827392121,0.9984990619136962,0.9998123827392121,0.9998123827392121,0.2658536585365854,0.9996247654784242
batch1_0_127,0,4,"(0,4)",0.0003665593409005963,0.06361251794090766,0.007179886415252667,0.703420046304816,0.0038279261887514556,0.6682301264672226,0.0006039136223368047,0.1371131191289948,8.606254802998592e-05,0.018853549864572307,4.4668487907983946e-05,0.04409748372767769,0.028053351557909743,0.5184296314427017,0.3683283220532888,0.07770159061607787,0.004980645001246978,0.021231089840875933,0,6.026830305927433e-07,5.994453289304147e-08,0.9996247654784242,0.9996247654784242,0.9986866791744841,0.9998123827392121,-0.6744840525328332,0.9994371482176362
batch1_0_127,0,5,"(0,5)",0.0002650008871336373,0.03769359150665259,-0.0010747645667038342,0.6011811896771191,1.0175213699646809e-06,0.5083294378841472,0.0003821770717973294,0.06744857541745305,0.00010481264164354797,0.012467770267534557,0.0010566284758169787,0.13309521103490646,0.024977329985028347,0.5219401098861476,0.49027448713918154,0.05300054162261462,0.008409637542971775,0.08441530933541805,0,2.388997017988004e-07,6.30012104707589e-08,0.5542213883677298,0.9979362101313323,0.9654784240150096,0.779924953095685,0.6902439024390244,-0.33733583489681057
batch1_0_127,0,6,"(0,6)",0.0005747179261283098,0.06956929922527345,0.004000002155049742,0.6965451430771699,0.012577176835299053,0.6469946048933608,0.0014052150599628277,0.1936351752283754,7.909102159828763e-05,0.017751532423854948,0.0004757476011093331,0.12153192036366359,0.02363521081224692,0.31539491085587623,0.6252079282045938,0.06248235567127415,0.003252609469526379,0.019733432908242594,0,5.461436103360029e-07,6.003495300888062e-08,0.9393996247654786,0.9983114446529082,0.9917448405253286,0.9395872420262665,0.300187617260788,-0.6932457786116323
batch1_0_127,0,7,"(0,7)",0.0002368135527669679,0.08407263161968379,0.005006635257450398,0.7006235394174491,0.005512884360545782,0.37065484742229765,0.0007865677385506586,0.09758899161934395,5.362964117239244e-05,0.01878907655737088,0.0002485020915628411,0.052943006240740775,0.03697838024755399,0.5161496262276402,0.4147286825947642,0.05257077333049452,0.003541742484509364,0.015963078081054027,0,5.201509338803589e-07,1.0318146337340295e-07,0.9840525328330206,0.7136960600375235,0.9986866791744841,0.9923076923076924,-0.06904315196998126,0.9697936210131334
batch1_0_127,1,2,"(1,2)",9.349518172225846e-05,0.06216710941957537,-0.0001292825456175706,0.40566545604315607,0.0016930835594998368,0.5007610965478522,0.00042140303612701044,0.15114294756984892,0.00022805870016782138,0.03659394349467995,-0.0008193269434741523,0.129407648052725,0.04208101138097529,0.30258768355329174,0.4960732561285979,0.10077647750498647,0.017711990464450596,0.09443712449030076,0,2.586583285335564e-07,5.560821136896266e-08,0.9992495309568482,0.9508442776735463,0.9994371482176362,0.9992495309568482,-0.4227016885553471,0.928142589118199
batch1_0_127,1,3,"(1,3)",9.681106457858357e-05,0.09467638871263402,0.00031808720077606265,0.18924331438090414,-5.335488721902515e-05,0.4578028729592706,-0.000705733274980247,0.131493589095709,8.386305779026771e-05,0.014581482886475556,-0.0021960756369026058,0.36268805672268045,0.05469291981997181,0.18948340139792313,0.4461095087626883,0.12800530222502862,0.008972765420494527,0.23170492783367816,0,3.129486150221794e-07,5.601299335467047e-08,0.9986866791744841,0.9641651031894936,0.9996247654784242,0.9906191369606004,0.650656660412758,0.9772983114446532
batch1_0_127,1,4,"(1,4)",-0.00011145349260925919,0.08225449297002144,0.007702186552955936,0.49712514603819213,0.0024114877691781304,0.5414773108120551,-0.000542920929068913,0.18036099672862277,3.1020885455745886e-05,0.006528567960295138,-0.001668422515558632,0.2982423848057051,0.036138383174769514,0.4295770092831086,0.4078745080297432,0.08638638072571216,0.0028273544741395074,0.10414524344620253,0,4.2511203446338186e-07,1.1417445477945876e-07,0.9587242026266418,0.9502814258911821,0.9851782363977488,0.9234521575984992,-0.08030018761726081,0.9617260787992497
batch1_0_127,1,5,"(1,5)",1.3123768263345603e-05,0.6940493043821145,0.0026991152446044,3.1420151392661446,0.0011399805057791261,1.5914458836175849,-0.00013978776621828004,0.7551750534812032,3.492105223585895e-05,0.02449699594195564,-0.0001455038755921123,0.24004369485778515,0.08473172411349121,0.6238272179026253,0.4462293981086692,0.07705560560990281,0.013702466574794637,0.049737884275185745,0,1.7153315923224e-07,6.692799559004925e-08,0.9641651031894936,0.9861163227016887,0.9750469043151971,0.7913696060037524,0.8757973733583491,-0.05159474671669794
batch1_0_127,1,6,"(1,6)",0.0003914420716888998,0.063314482398112,0.008635866201478848,0.9916134211581454,0.010403078437468696,0.6084267447752459,0.0006739671739286023,0.2352430516317722,7.574529388989503e-05,0.03377285983870802,-0.0005134102661031647,0.39584932220336116,0.026337044469732625,0.4088775624983775,0.5474315858187415,0.057295926796524635,0.003683190868635744,0.03328747488856757,0,9.017538786793011e-07,9.310972093334868e-08,0.9983114446529082,0.9981238273921202,0.9887429643527205,0.9129455909943717,0.5900562851782365,0.6317073170731708
batch1_0_127,1,7,"(1,7)",0.0001692296347207467,0.1709723079360745,0.010735372695722844,1.31758828491026,0.008552658514221548,0.485015165186486,0.0004906724136827023,0.15815695866784832,1.5728233125855696e-05,0.015232943108848826,-0.0003595473780933389,0.5477220939883849,0.020654885744022612,0.537940180483367,0.43938142303116445,0.03230904921439802,0.0020114939592081886,0.025730510689977695,0,2.722226781770587e-07,5.4472085508905366e-08,1.0,1.0,1.0,1.0,-0.003939962476547843,1.0
batch1_0_127,2,3,"(2,3)",0.00037926187686707633,0.02390060002354119,0.0033353423874132202,0.6281866962440319,0.012605009820237262,0.6725857685993477,0.002137492061618218,0.24725476093805665,0.0003925304306903854,0.10763386205265353,-0.000245377058035956,0.07305348017267536,0.020126890984545138,0.2975589871694493,0.6228122578233158,0.09952087448097235,0.018276078037513358,0.012029008740860655,0,2.7888245313079096e-07,5.315856554943821e-08,1.0,1.0,1.0,0.9986866791744841,-0.801688555347092,0.9290806754221389
batch1_0_127,2,4,"(2,4)",0.0006138836745192222,0.06534042276896104,0.005755895319890669,0.6438262716752802,0.00953565916391789,0.4422937928356677,0.0023033787229785217,0.2354464494255451,0.00019192763575119897,0.02641613383161791,-0.00010418091605970403,0.022205645903798574,0.02483167211650796,0.4512470848050816,0.4827674446176666,0.09310571817852437,0.007757977525213181,0.006098094532477309,0,7.363523764070123e-07,1.1750262274290435e-07,0.9930581613508443,0.9975609756097563,0.9951219512195124,0.9939962476547843,-0.23452157598499065,-0.6977485928705442
batch1_0_127,2,5,"(2,5)",0.0003300353986062099,0.031204534760915687,0.005080172803764072,0.2077434638897601,0.01251856419690174,0.6801821096201216,0.0018751282666137569,0.09690241308889999,0.000261524794404977,0.028382405310788294,0.0006080685914639616,0.05645857639492622,0.018200569617944144,0.24589575623190715,0.6055369336969526,0.0907528928554058,0.012650246433924863,0.03125255805183421,0,2.0335869521659333e-07,6.009690523001154e-08,0.9772983114446532,0.9240150093808632,0.9932457786116325,0.978048780487805,0.08724202626641653,0.6643527204502816
batch1_0_127,2,6,"(2,6)",0.0004943705296517109,0.01812160237976036,0.0059591168116526205,0.2443530880468514,0.019303504717329216,0.7687644773467628,0.0029885751160662723,0.2122659457486365,0.00018221236678073183,0.016687085139625718,0.0002518362070532021,0.03500639684899716,0.01930226100127134,0.2709220158093327,0.6615407441854062,0.1024199613120829,0.006244508781438899,0.009532028528880082,0,6.363602551573422e-07,7.406816848742892e-08,0.9977485928705443,0.778424015009381,0.9983114446529082,0.9956848030018762,0.20112570356472798,-0.9326454033771108
batch1_0_127,2,7,"(2,7)",-0.0005498516979071333,0.12624727951570416,4.142702255194308e-06,0.9526599574954983,0.008067218480839033,0.49694747234253034,0.0016086598530876018,0.24415129391158458,0.0002678056446825394,0.06697907477690047,-0.0004439905255821941,0.10564182025243925,0.07047238759360694,0.4373367119743624,0.4546652788445252,0.0749415994368153,0.012476088908538224,0.045062066129519726,0,1.090819111482233e-06,2.8751966318907307e-07,0.9954971857410883,0.6701688555347094,0.9731707317073173,0.9795497185741089,-0.06697936210131332,0.9000000000000001
batch1_0_127,3,4,"(3,4)",0.0005905231918929665,0.05828233029100007,0.005095914535985457,0.38196787675602784,0.0022250576884972704,0.582975661217487,-4.052477097360452e-05,0.13588717359100186,-9.262854077860539e-05,0.013719160110535335,-0.0010206684262811904,0.08241339829818808,0.023891117061520903,0.38499319516980895,0.4732933419614502,0.10137818071287955,0.008022826891997022,0.041293736110709856,0,4.7683170123491436e-07,1.0260396265948657e-07,0.976547842401501,0.9917448405253286,0.9168855534709194,0.9692307692307693,0.8439024390243903,0.928705440900563
batch1_0_127,3,5,"(3,5)",0.000210237163393856,0.11986563411732835,0.006517468825782658,0.5811154153890238,0.011473500063737239,1.4157054423789668,0.000981572698633215,0.1494226234485394,0.00011201734278074583,0.03403026638356173,-0.0005712813639547676,0.851549152414339,0.016206754390490057,0.34799418163238055,0.6126168566153192,0.05439152511882198,0.00648524950612552,0.030503036691916365,0,1.8784749045153148e-07,3.173765250608085e-08,1.0,1.0,0.9998123827392121,1.0,0.7844277673545967,0.9932457786116325
batch1_0_127,3,6,"(3,6)",0.00041580895220425516,0.02784055998373372,0.009164804758015066,0.21940254999794945,0.020763023337743935,0.7301133918597837,0.0018402335928222157,0.10325991015076755,9.514404524679776e-05,0.0035519428617186363,-0.0002965365871204995,0.04081986805935308,0.017442383694633825,0.28655705570003676,0.6491999548481021,0.05753880569013291,0.0031503766273171495,0.00927184523361213,0,5.587435225606896e-07,3.5777251383706243e-08,1.0,0.9998123827392121,1.0,1.0,0.9876172607879926,0.2968105065666042
batch1_0_127,3,7,"(3,7)",-0.00027138154802583967,0.14859878375347887,0.004558067835205293,13.489090694562554,0.009667398306322381,13.532189230913996,0.0009506195405847961,2.7676450570276874,9.33969999778128e-05,0.6641201159613507,-0.0010450309231600841,3.760914630815973,0.05018279203382919,0.4517004762703931,0.48071654574299216,0.0463582800181015,0.005997302175765716,0.05096238199945657,0,5.026540179642325e-07,1.3444375746018977e-07,0.9943714821763603,0.6943714821763604,0.9956848030018762,0.9915572232645404,0.929455909943715,0.9881801125703567
batch1_0_127,4,5,"(4,5)",0.00036398130068424626,0.013982288170636736,0.013276818065344287,0.5323570044656771,0.011221454721274348,0.5130038684535299,0.0011746482524778834,0.047304595011175475,-9.477147854113355e-05,0.011864149907632003,7.420501260639867e-05,0.06271283920836457,0.01488577550554354,0.5103262092603649,0.4313234106327466,0.048095314998300956,0.004470259375418626,0.011904460812400642,0,3.3240871744055767e-07,4.112968454705879e-08,1.0,1.0,1.0,1.0,0.31988742964352723,0.5545966228893059
batch1_0_127,4,6,"(4,6)",0.0006207115445656441,0.022783730424692415,0.010682615610757295,0.177090170404765,0.01941077535967166,0.7267742529053963,0.002382577313516876,0.11220570910847676,7.84103559652749e-05,0.003707617535477596,-0.00010282868538524781,0.027066583490998986,0.021345869582324286,0.3230083195565791,0.586920110080917,0.0720415600723986,0.0024461944984755166,0.007074625111917626,0,8.237439033109695e-07,9.748708862389321e-08,0.9998123827392121,0.9547842401500939,0.9977485928705443,0.9998123827392121,0.726829268292683,0.8622889305816136
batch1_0_127,4,7,"(4,7)",-0.00021884336425698203,1.9298578168046738,0.01782834901857768,2.15672473516654,0.016029557898615494,1.812002560961806,0.0011318855673767558,0.1361729146882281,6.871989756973562e-05,0.06361366055262503,-0.0003921432779634415,1.267411679208634,0.026685628931715204,0.5150331087506036,0.46306884769974976,0.03385959816366077,0.002021021918177908,0.013598227568724062,0,5.229758244240656e-07,8.761503522691783e-08,0.9881801125703567,1.0,0.9998123827392121,0.9953095684803004,0.2185741088180113,0.9996247654784242
batch1_0_127,5,6,"(5,6)",0.00043606795801135465,0.00785988121774309,0.010666820739646,0.3672988955868326,0.019068408117719243,0.6010331217553605,0.0015337606713988095,0.06105114466507976,5.4342701474752175e-05,0.0064647018642812835,-2.3839681387016753e-05,0.034348746135327825,0.013781464553670814,0.33611571906345217,0.6008530434997518,0.04832940231407345,0.0020637302056061312,0.002744828532409203,0,8.106526365736499e-07,1.4959240957068687e-08,1.0,0.9998123827392121,1.0,1.0,0.9671669793621016,0.47242026266416515
batch1_0_127,5,7,"(5,7)",4.527066308752658e-05,0.02933638769759388,0.011433308120928132,0.4385110792125033,0.012453178882245276,0.5102414865689792,0.0009762831035693865,0.0509896816511481,2.480551080452642e-05,0.0020108563271955485,0.00019835125149256783,0.01923555927576124,0.020168041697922905,0.4549448193350886,0.4955266801880525,0.03884745652575124,0.0013343770836226026,0.007979998569633618,0,4.6441959966614377e-07,5.9162203136509106e-08,0.729080675422139,0.9962476547842404,0.9986866791744841,0.980487804878049,0.6669793621013134,-0.6213883677298312
batch1_0_127,6,7,"(6,7)",0.00029733261085569397,0.028845636064906217,0.017878851183837696,0.4252120260433351,0.023772075712525043,0.5188265730174649,0.0018862355329044788,0.05686396751825327,7.237161491957522e-05,0.0031422708573833414,0.00017385011651640525,0.016040000560391517,0.015157451148113805,0.4055934769956649,0.5392851444707656,0.042790491422351085,0.0016489815615007796,0.003943904029903938,0,6.174468580866233e-07,5.12467934754568e-08,0.90187617260788,1.0,1.0,1.0,0.7953095684803003,-0.2741088180112571
batch2_128_255,0,1,"(0,1)",0.0002359369646018905,0.11340159507017407,0.0030287607066043164,1.4054455815668514,-0.001432879242308767,1.223053454276024,-0.00024859136926931314,0.20217603426500888,8.613762474851682e-07,0.01044571764992822,-0.0005646821011396242,0.26161669922920083,0.04031976355519098,0.5585643427732631,0.35784248159692567,0.10416597840116575,0.004692359050165674,0.14370098053170333,0,1.4086754163145088e-07,5.045467332820408e-08,0.9924953095684804,0.9722326454033772,0.8851782363977486,0.9906191369606004,0.9545966228893059,0.9906191369606004
batch2_128_255,0,2,"(0,2)",0.0004494028902739089,0.039536401466278355,-0.0037207116365607362,0.5601608149242232,0.0014005278117808812,0.46077128295895464,0.0016283271277337974,0.12821819509927554,0.00018231525318697096,0.012716875856280646,0.0001067051470727165,0.005555555758659727,0.02184754966506645,0.4720020155886563,0.47920605337462036,0.06926442926441687,0.007755175076993282,0.005683488368279228,0,3.029436044243994e-07,9.175911941383674e-08,0.9998123827392121,0.9992495309568482,1.0,0.998874296435272,-0.8752345215759851,0.5075046904315198
batch2_128_255,0,3,"(0,3)",0.00038481485380752466,0.04087132453217081,0.0002973681705725539,0.45724556099065267,0.003464978347704134,0.5049110205734942,0.0002896212533883613,0.07957496622309869,6.557846701298331e-05,0.006358973295760653,-0.0006258669786802784,0.06461260402217266,0.023095497823878857,0.4073518326289753,0.4910447368487017,0.0644475312981714,0.0039501218799570595,0.03912868387373457,0,2.3373740987153724e-07,4.7331500496738954e-08,0.9975609756097563,0.998874296435272,0.9998123827392121,0.9998123827392121,0.4127579737335835,0.9992495309568482
batch2_128_255,0,4,"(0,4)",0.0004630984371903679,0.04002212889275854,0.0024915564236152933,0.44466132104110906,0.0004075196538583026,0.44445619203514786,0.0003027614023253022,0.09543895461300375,0.00015032815072117954,0.017684395632975598,-0.00043464706636768823,0.04584621979077001,0.023303938988973687,0.4575732168171637,0.40897990608960466,0.08030919912422657,0.00711495157117095,0.03677360975449762,0,5.196018264541635e-07,1.109644784946795e-07,0.90375234521576,0.9921200750469046,0.9849906191369607,0.905065666041276,0.8166979362101314,0.9146341463414636
batch2_128_255,0,5,"(0,5)",0.00027593749502188294,0.04975480978581868,9.235909545850518e-05,0.523632661762893,-1.2383386211763277e-05,0.5860244253152915,0.0002772603994994682,0.08760037737090327,9.141648579316097e-05,0.020755822639420607,0.0010437050608743449,0.16084341450570636,0.02099663334186194,0.48822173486162307,0.4989207033055551,0.05006276765817332,0.007376039555403586,0.07941759592507146,0,1.8544847080192994e-07,5.45640421734106e-08,0.7005628517823641,0.9984990619136962,0.9990619136960602,0.8457786116322703,0.9596622889305818,-0.451031894934334
batch2_128_255,0,6,"(0,6)",0.000596914733428111,0.07428766241569343,0.004601779418464957,1.0152858844363037,0.012306032863655026,0.7624616465916554,0.0013008517749817372,0.18532025734537655,9.420707401659456e-05,0.021502958026186646,0.0003989920405729208,0.09502551787247576,0.023484790380024965,0.37383744808564257,0.5736677434116937,0.056513334162972856,0.0037064479425547173,0.01569779385799322,0,5.507740752364043e-07,9.328160999189095e-08,0.9637898686679174,0.9305816135084428,0.9196998123827395,0.9069418386491558,0.8887429643527206,-0.31594746716697936
batch2_128_255,0,7,"(0,7)",0.00032417236232236136,0.021427429753330906,0.006249053517058201,0.537294898233247,0.005774364362972033,0.4271842572711801,0.0005280640722091334,0.0528143938886438,6.383352010743692e-05,0.0064006379129145224,0.00013491146996784663,0.019611188635687633,0.02018658460236176,0.5117458905959629,0.4251219087595074,0.04045383330785548,0.0029418100086632207,0.009004960686184997,0,3.14071030516061e-07,5.242272749228505e-08,0.9590994371482177,0.9632270168855536,0.9341463414634147,0.9003752345215761,0.24690431519699815,0.8936210131332083
batch2_128_255,1,2,"(1,2)",0.00020464966858479983,0.31599881349029435,0.0029748014128415435,0.5948824518048351,0.004269497336018897,1.5801051220559974,0.0006396152660510523,0.1744341413740159,0.0002353891235543415,1.1780241395637594,-0.00029734580011790966,1.7169329456999278,0.0379414652289976,0.36992479284769125,0.5022711521864998,0.08376331295352608,0.023805820291896707,0.06094448354261693,0,1.9975357190560317e-07,8.098160719782754e-08,0.998874296435272,0.9994371482176362,1.0,0.9994371482176362,-0.8343339587242028,0.9857410881801126
batch2_128_255,1,3,"(1,3)",0.00018314645234092098,0.19087300324885492,0.0005304743099031839,0.5210374354744614,0.0009927366753191955,0.568375148173214,-0.0005383268312595391,0.2519107973920864,1.66913529710655e-05,0.0138769411798387,-0.0016162714322490502,0.7052070828302005,0.042287760011447774,0.2686377492734419,0.4325111004093672,0.11747187666113805,0.004282876226008722,0.20520881497091314,0,2.735442841128588e-07,7.971006610318909e-08,0.9971857410881801,0.9624765478424018,0.980300187617261,0.9971857410881801,-0.2542213883677299,0.9971857410881801
batch2_128_255,1,4,"(1,4)",-9.593835352108559e-05,0.06505041328013308,0.008391017545989143,0.570761775595902,0.0031865123937711848,0.5035548353874726,-0.0005362902563263106,0.21293157171641228,9.935628943367192e-05,0.013673695001397151,-0.0016916875998958859,0.3349487388426349,0.03437246102198019,0.4736905626932458,0.3929868605398502,0.09593230516102393,0.005608871199589544,0.113747713815781,0,3.8804643853751486e-07,8.182432509329374e-08,0.9463414634146343,0.9091932457786117,0.8990619136960601,0.9198874296435274,0.14108818011257038,0.8996247654784242
batch2_128_255,1,5,"(1,5)",2.5359498426480443e-05,0.2837832488358093,0.0033469529407284425,1.6001426467425641,0.0020359685961900227,0.6829400101720386,-3.502268170745282e-05,0.30578367547290597,2.208398644825138e-05,0.023910934809148698,8.60043865031912e-05,0.07055104036508086,0.04229638090305924,0.6087461547125953,0.39607087916214606,0.03725951759563873,0.006973968458767006,0.019591535976207195,0,1.1776080555137014e-07,4.531693775788881e-08,0.9750469043151971,0.9964352720450284,0.9864915572232646,0.9763602251407131,0.21275797373358352,0.9133208255159476
batch2_128_255,1,6,"(1,6)",0.00037525278745275634,0.0745531367056956,0.010586739836287506,1.7409853113724245,0.011425754676709768,0.668810478348045,0.0007576812989102067,0.3557931927899203,5.762057318463576e-05,0.06729922626409195,-0.00039896566427159995,0.7878697664729237,0.019178109353310494,0.4553181258061927,0.510339325804619,0.0468069051557443,0.0027364785812602423,0.025401473663683647,0,4.2578153625072446e-07,7.4233137636881e-08,0.9990619136960602,0.9984990619136962,0.9992495309568482,0.9990619136960602,0.05928705440900564,0.7697936210131334
batch2_128_255,1,7,"(1,7)",0.00017647547583605762,0.12880038525181575,0.010783433382403017,1.2479022151682382,0.00961907345341471,0.4983888492387617,0.0004440452383335014,0.1972768296948497,1.546307950661685e-05,0.016980221674664828,-0.00024909643875616896,0.41354933810679684,0.016259751123022297,0.5169804326708076,0.4647262847847869,0.029081724218299864,0.0025052103230152967,0.01824848690395409,0,3.884738362103235e-07,6.280686370985222e-08,1.0,1.0,1.0,1.0,-0.7697936210131334,0.9992495309568482
batch2_128_255,2,3,"(2,3)",0.0002639905927268593,0.8504395827608372,0.00034481721345684945,23.68432278627381,0.009387758170491122,16.67624489604304,0.0018236321026698476,9.27105806019119,0.00036784660060220633,1.9370734452848903,-0.0008970968031007942,4.88381354206405,0.017515062085552553,0.3818750004397542,0.5596682109206185,0.07125053019904078,0.01437201356921218,0.035221968799211835,0,3.946036493118754e-07,9.235105835614377e-08,1.0,1.0,1.0,0.9998123827392121,-0.9172607879924954,0.9983114446529082
batch2_128_255,2,4,"(2,4)",0.0003765187608928855,0.04603310770399146,-0.006312022986253396,0.5698113032980762,-0.000204233119380446,0.4636151169832633,0.001974219986242787,0.17836127762651338,0.00031308995185099777,0.017511045400719467,-0.001975925178066973,0.04458718249491901,0.016761483739492614,0.4580407534282444,0.4463474285447128,0.05382085329769959,0.0069272205611759265,0.04396613347212246,0,3.859977368847467e-07,1.639429569877393e-07,0.9992495309568482,0.9994371482176362,0.9994371482176362,0.9992495309568482,-0.5656660412757974,0.8457786116322703
batch2_128_255,2,5,"(2,5)",0.00028973132621401554,0.022549081268235644,0.002890939221174449,0.27095031603614045,0.010395824908120244,0.5934446645599338,0.002057018083164763,0.21850367267699283,0.00024886428109311965,0.0296450494987223,0.001129023515386507,0.19995586631490894,0.020669701235942497,0.23080872863516178,0.6111092615655278,0.12091996671162251,0.01462926399713207,0.06636863672444455,0,2.8311205824138597e-07,5.918020384854117e-08,0.9848030018761728,0.950656660412758,0.9979362101313323,0.9470919324577863,0.15178236397748596,-0.7671669793621013
batch2_128_255,2,6,"(2,6)",0.0004951700071291309,0.022110377762049372,0.010475457290908707,0.6272672652510438,0.01881765398191179,0.5335027968426732,0.002510651564249855,0.22602937143615148,0.00020858651732851284,0.05143887470638806,0.00017524636964481033,0.047617506222151815,0.01642545561161234,0.3758358915472378,0.5646551585154066,0.07088898562053897,0.0058895016887607135,0.005645264530108653,0,5.357182999432553e-07,6.310180999946624e-08,0.9996247654784242,0.9992495309568482,0.9994371482176362,0.9941838649155723,-0.5110694183864916,-0.9249530956848031
batch2_128_255,2,7,"(2,7)",-0.0001965703810579811,0.12688774133195432,-0.00013136219032503505,0.9856777374616067,0.010036458280827072,0.4479474081218705,0.0023362130222015056,0.2734758500371936,0.0003151757312480186,0.05375542616218777,0.0001109128279495053,0.008375546409980889,0.05625515748727184,0.4828181746741114,0.5107695026056345,0.11452166666831046,0.01544998238299064,0.005915175884863288,0,4.839531015932153e-07,1.6862907159520546e-07,0.6883677298311446,0.9641651031894936,0.928705440900563,0.8787992495309569,-0.725891181988743,0.7538461538461539
batch2_128_255,3,4,"(3,4)",0.0005063280917467772,0.03560617044306273,0.00599095422415985,0.41056459284249164,0.0024755451913013155,0.59702255936907,0.0003857439878771629,0.10043289137087166,6.237107158995059e-05,0.019098525648399367,-0.00014554825997947773,0.030138151332256634,0.020158894163385878,0.3995629003307009,0.50222185929078,0.08494371049204467,0.007973622798217622,0.00965888323002633,0,3.7410336517496035e-07,9.798679201367122e-08,0.9452157598499064,0.9879924953095687,0.9956848030018762,0.9345215759849907,0.6692307692307693,0.0031894934333958733
batch2_128_255,3,5,"(3,5)",0.00017669330897747139,0.020174482529996634,0.006200725109188454,0.4014489801141853,0.011702203500136543,0.771926368470307,0.0007592515599856853,0.04451939579300344,9.756513163665659e-05,0.011862883662939212,-0.0005449128651207503,0.18137748750970822,0.012748572203240355,0.33715120731298065,0.6362823651780293,0.04341971758042317,0.006250512862216379,0.03161030154433384,0,1.2435043572622817e-07,2.9375001986409188e-08,1.0,0.9994371482176362,1.0,1.0,0.6328330206378988,0.9966228893058163
batch2_128_255,3,6,"(3,6)",0.0003609548642435456,0.02094723549460989,0.011718184143967391,0.2960023477004699,0.022118876292957643,0.67905456885214,0.001661934564575951,0.06914267473544211,3.0384472586320045e-05,0.002594241705750038,-0.0002982680438435636,0.03319068408772776,0.014991797522910424,0.32923584843351383,0.6214552453894352,0.04669396125600501,0.00195166260634707,0.008380183419970794,0,4.768887720274506e-07,4.972029721272975e-08,1.0,1.0,1.0,0.9998123827392121,0.5780487804878051,0.9636022514071296
batch2_128_255,3,7,"(3,7)",-0.00025537739712047094,0.30314984689825974,0.004669997025939665,0.8383678630748562,0.010462849859564992,1.0635043840702358,0.0012651559097779596,0.28599188640591067,-2.8953598985026474e-06,0.010611821626877807,-0.0007717909475559281,0.337799485660352,0.05599731968100077,0.40125682360592485,0.5997873587023895,0.07252560551451805,0.0023566644002975833,0.0443274816457831,0,3.994912134430706e-07,1.6331770780197985e-07,0.9986866791744841,0.953095684803002,0.9998123827392121,0.5131332082551595,-0.8889305816135086,0.9968105065666043
batch2_128_255,4,5,"(4,5)",0.00030729041864774873,0.047033924280970425,0.012698820616412832,0.6989519441934229,0.011703597681033632,0.7695950742255692,0.0009407747114114073,0.2435027933904162,-6.579079717994319e-06,0.04218321583761461,-0.0005166894191006577,0.5574992677378179,0.01504013734281732,0.4964620665577758,0.4575536946617702,0.054691202363180945,0.0046648170476404445,0.03293738306518686,0,3.9183805711218156e-07,5.310302420014068e-08,1.0,1.0,1.0,1.0,0.8969981238273923,0.8626641651031897
batch2_128_255,4,6,"(4,6)",0.0004368924954821551,0.13000275839360054,0.011296950170299169,1.5255716141945688,0.019024345335180465,1.7528164166976576,0.001930697838619899,0.18424947321339236,0.00012292523913401965,0.020796239589096994,-0.0006589425351194222,0.3904687341365843,0.02268201636156437,0.41897564606698046,0.5466922136413315,0.055481408514793155,0.0035324354089753883,0.020137769394252308,0,4.1899693314917386e-07,1.0384165705090709e-07,0.9564727954971858,0.9923076923076924,0.9992495309568482,0.9998123827392121,0.926266416510319,0.9557223264540339
batch2_128_255,4,7,"(4,7)",-0.0003517075318926977,0.4677958300267263,0.016732111456281017,0.6210215522294125,0.015910956384085007,0.7587757123025257,0.001243688249598307,0.04077308929843735,8.793566730673774e-05,0.045719120906036845,-0.0009138497769072274,0.5356751495539269,0.03049665668849838,0.4858533151189341,0.4626535910421802,0.03613207377404157,0.0025147191980112193,0.026669783019128195,0,6.063382897991687e-07,1.477047688602795e-07,0.9990619136960602,0.9969981238273923,0.9992495309568482,0.9564727954971858,-0.07861163227016886,0.9968105065666043
batch2_128_255,5,6,"(5,6)",0.00043184845368239854,0.006116486062651998,0.011299066720238216,0.37640958998744917,0.01950792265856121,0.5907736967630083,0.0014719767849120213,0.041896924592628074,0.0001057162694564795,0.00484315973954218,7.100936400092906e-05,0.02258891980059058,0.013170046075705497,0.3435667925923938,0.5931706205378577,0.04479347289590743,0.0032144778432842253,0.004629387802744493,0,7.944515800772933e-07,1.9756528857328703e-08,0.9977485928705443,0.9994371482176362,1.0,1.0,0.9669793621013135,0.7735459662288932
batch2_128_255,5,7,"(5,7)",0.00015990140435495626,0.013892340955893746,0.011443015908150755,0.4339449492015631,0.01343999571165776,0.515593385078159,0.0009898591344229325,0.046562584991952406,2.818066780889694e-05,0.002978731049112807,0.0001450694219329307,0.01034071736021749,0.013868044105002933,0.43665596402677037,0.5128590514157539,0.037772200795795276,0.0018381145080800466,0.006627897050476655,0,1.7350828329654178e-07,2.7613053177333313e-08,0.677673545966229,0.9994371482176362,0.9998123827392121,0.9784240150093809,-0.3236397748592871,0.08592870544090057
batch2_128_255,6,7,"(6,7)",0.00032433283201078745,0.01912336197844445,0.018724088238695914,0.4194971731359528,0.02491687508284702,0.5181547057271245,0.0019331954810860807,0.05971603352952959,3.606747515618736e-05,0.0028306187065231937,0.00013675059626621077,0.010405845151681475,0.01338011836097197,0.4064153669204707,0.5408327925083576,0.041960940407815346,0.0008774852772318492,0.002968237654598665,0,9.893119568005204e-07,4.6960849431343377e-08,0.928517823639775,1.0,1.0,1.0,-0.1782363977485929,-0.3904315196998124
