state,state_id,batch,prefix_steps,spearman_rho,spearman_p
theta1,1,batch1,1,0.9999999999999998,4.0494065550148204e-201
theta1,1,batch1,2,0.9999999999999998,4.0494065550148204e-201
theta1,1,batch1,3,0.9999999999999998,4.0494065550148204e-201
theta1,1,batch1,5,0.9999999999999998,4.0494065550148204e-201
theta1,1,batch2,1,0.9999999999999998,4.0494065550148204e-201
theta1,1,batch2,2,0.9999999999999998,4.0494065550148204e-201
theta1,1,batch2,3,0.9999999999999998,4.0494065550148204e-201
theta1,1,batch2,5,0.9999999999999998,4.0494065550148204e-201
theta2,2,batch1,1,0.9999999999999998,4.0494065550148204e-201
theta2,2,batch1,2,0.9999999999999998,4.0494065550148204e-201
theta2,2,batch1,3,0.9999999999999998,4.0494065550148204e-201
theta2,2,batch1,5,0.9999999999999998,4.0494065550148204e-201
theta2,2,batch2,1,0.9999999999999998,4.0494065550148204e-201
theta2,2,batch2,2,0.9999999999999998,4.0494065550148204e-201
theta2,2,batch2,3,0.9999999999999998,4.0494065550148204e-201
theta2,2,batch2,5,0.9999999999999998,4.0494065550148204e-201
theta3,3,batch1,1,0.9999999999999998,4.0494065550148204e-201
theta3,3,batch1,2,0.9999999999999998,4.0494065550148204e-201
theta3,3,batch1,3,0.9999999999999998,4.0494065550148204e-201
theta3,3,batch1,5,0.9999999999999998,4.0494065550148204e-201
theta3,3,batch2,1,0.9999999999999998,4.0494065550148204e-201
theta3,3,batch2,2,0.9999999999999998,4.0494065550148204e-201
theta3,3,batch2,3,0.9999999999999998,4.0494065550148204e-201
theta3,3,batch2,5,0.9999999999999998,4.0494065550148204e-201
