state,state_id,batch,window_width,pair_count,fraction_pairs
theta1,1,batch1,0,0,0.0
theta1,1,batch1,1,0,0.0
theta1,1,batch1,2,0,0.0
theta1,1,batch1,3,0,0.0
theta1,1,batch1,4,0,0.0
theta1,1,batch1,5,28,1.0
theta1,1,batch2,0,0,0.0
theta1,1,batch2,1,0,0.0
theta1,1,batch2,2,0,0.0
theta1,1,batch2,3,0,0.0
theta1,1,batch2,4,0,0.0
theta1,1,batch2,5,28,1.0
theta2,2,batch1,0,0,0.0
theta2,2,batch1,1,0,0.0
theta2,2,batch1,2,0,0.0
theta2,2,batch1,3,0,0.0
theta2,2,batch1,4,0,0.0
theta2,2,batch1,5,28,1.0
theta2,2,batch2,0,0,0.0
theta2,2,batch2,1,0,0.0
theta2,2,batch2,2,0,0.0
theta2,2,batch2,3,0,0.0
theta2,2,batch2,4,0,0.0
theta2,2,batch2,5,28,1.0
theta3,3,batch1,0,0,0.0
theta3,3,batch1,1,0,0.0
theta3,3,batch1,2,0,0.0
theta3,3,batch1,3,0,0.0
theta3,3,batch1,4,0,0.0
theta3,3,batch1,5,28,1.0
theta3,3,batch2,0,0,0.0
theta3,3,batch2,1,0,0.0
theta3,3,batch2,2,0,0.0
theta3,3,batch2,3,0,0.0
theta3,3,batch2,4,0,0.0
theta3,3,batch2,5,28,1.0
