k,loss_T4,mu_norm,DeltaA_1st,DeltaA_finite,residual,relative_abs_error,utility_1st_pair,gate_entropy,h_rms,A_before,A_after
0,3.7731590270996094,7.1135149002075195,5.370169674279168e-05,5.3763389587402344e-05,6.169284461066127e-08,0.0011488062454738403,0.0029559624439571054,0.5197119116783142,0.9957913160324097,-1.9774820804595947,-1.9774283170700073
1,3.699014186859131,7.098876476287842,-2.471439802320674e-05,-2.4557113647460938e-05,1.5728437574580312e-07,0.006364078768906837,0.0027436530315317212,0.5217573642730713,0.9957686066627502,-1.9872081279754639,-1.9872326850891113
2,3.6320581436157227,7.090270519256592,-8.58713174238801e-05,-8.58306884765625e-05,4.062894731760025e-08,0.00047313758000295543,0.002555819178116508,0.5239583849906921,0.9957472681999207,-1.9936370849609375,-1.993722915649414
3,3.5688772201538086,7.08482027053833,-0.00013946769468020648,-0.00013947486877441406,-7.174094207584858e-09,5.143911085670952e-05,0.0023810331029817462,0.5261461734771729,0.9957270622253418,-2.002520799636841,-2.0026602745056152
4,3.512218952178955,7.084376335144043,-0.0001849262189352885,-0.00018525123596191406,-3.2501702662557364e-07,0.0017575497325195803,0.002228184532257728,0.5281606316566467,0.9957075119018555,-2.0111100673675537,-2.0112953186035156
5,3.4591681957244873,7.084920883178711,-0.00022242378327064216,-0.0002224445343017578,-2.075103111565113e-08,9.329501913202135e-05,0.002087264798930846,0.530144453048706,0.9956898093223572,-2.02069354057312,-2.020915985107422
6,3.409658432006836,7.086946487426758,-0.00024451760691590607,-0.00024437904357910156,1.3856333680450916e-07,0.0005666804061768997,0.00195843488315586,0.5320307016372681,0.9956721067428589,-2.026604175567627,-2.026848554611206
7,3.36564564704895,7.092367172241211,-0.0002730291453190148,-0.00027298927307128906,3.9872247725725174e-08,0.00014603659869036085,0.0018447517739841714,0.5336077809333801,0.9956547021865845,-2.0304200649261475,-2.0306930541992188
8,3.3229904174804688,7.103408336639404,-0.0002953121729660779,-0.00029540061950683594,-8.844654075801373e-08,0.00029950184535120216,0.001737738446914591,0.5352356433868408,0.9956375956535339,-2.0387184619903564,-2.0390138626098633
9,3.282912254333496,7.113653182983398,-0.0003180952335242182,-0.00031828880310058594,-1.9356957636773586e-07,0.0006085271200802147,0.001639485129271634,0.5368775725364685,0.9956210255622864,-2.0426554679870605,-2.042973756790161
10,3.2456979751586914,7.124032020568848,-0.0003326453734189272,-0.0003325939178466797,5.145557224750519e-08,0.00015468596998252258,0.0015522873729350978,0.5383484959602356,0.9956057667732239,-2.043851375579834,-2.0441839694976807
11,3.2108311653137207,7.1367950439453125,-0.00034170414437539876,-0.0003418922424316406,-1.8809805624186993e-07,0.0005504705147363504,0.0014697798361885362,0.539659321308136,0.9955914616584778,-2.0451319217681885,-2.04547381401062
12,3.1777408123016357,7.149253845214844,-0.000351128721376881,-0.00035119056701660156,-6.184563972055912e-08,0.00017613381063800142,0.0013934437605785206,0.5408071875572205,0.9955772757530212,-2.0465242862701416,-2.046875476837158
13,3.1468429565429688,7.162125110626221,-0.00036126477061770856,-0.0003612041473388672,6.06232788413763e-08,0.00016780844347961079,0.0013237773160799406,0.5418078899383545,0.9955635666847229,-2.0510218143463135,-2.0513830184936523
14,3.117642879486084,7.177870750427246,-0.00036764968535862863,-0.00036787986755371094,-2.3018219508230686e-07,0.0006260910977192124,0.0012592213082825766,0.5427769422531128,0.9955505132675171,-2.0553693771362305,-2.055737257003784
15,3.0900139808654785,7.191776275634766,-0.00037379778223112226,-0.00037384033203125,-4.2549800127744675e-08,0.00011383106628876621,0.001198678208340425,0.5435228943824768,0.9955379962921143,-2.0588457584381104,-2.0592195987701416
16,3.063567876815796,7.20789909362793,-0.00037604154204018414,-0.00037598609924316406,5.5442797020077705e-08,0.00014743795783645904,0.0011430172073305584,0.5443294048309326,0.9955258369445801,-2.0619382858276367,-2.06231427192688
17,3.0381503105163574,7.223721504211426,-0.0003772367781493813,-0.0003771781921386719,5.8586010709404945e-08,0.00015530301949033608,0.0010908547654398717,0.5452885031700134,0.9955143332481384,-2.0638864040374756,-2.0642635822296143
18,3.0142903327941895,7.240347862243652,-0.0003776637022383511,-0.000377655029296875,8.672941476106644e-09,2.2964720794462205e-05,0.001042668454523664,0.5459757447242737,0.9955037832260132,-2.0674548149108887,-2.0678324699401855
19,2.9921011924743652,7.256534099578857,-0.0003774103824980557,-0.000377655029296875,-2.446467988193035e-07,0.000648224877121826,0.000998037179815583,0.5467109680175781,0.9954927563667297,-2.070014476776123,-2.07039213180542
