batch,pair_i,pair_j,pair,cumulative_DeltaA_1st,cumulative_DeltaA_finite,cumulative_residual,gate_mass_k0,gate_mass_mean_K,median_relative_error,max_relative_error
batch1_0_127,0,1,"(0,1)",-0.003023043798748404,-0.0030232667922973633,-2.2299354895949364e-07,0.286093145608902,0.298178505897522,7.929030179603248e-05,0.0003445667668068183
batch1_0_127,0,2,"(0,2)",-0.002254768827697262,-0.0022545456886291504,2.231390681117773e-07,0.13258406519889832,0.13989740908145903,0.00011010081713725788,0.0002060606541962465
batch1_0_127,0,3,"(0,3)",0.0009062699900823645,0.0009059906005859375,-2.7938949642702937e-07,0.20263920724391937,0.20823998749256134,0.0006063548282879488,0.0012306947585136894
batch1_0_127,0,4,"(0,4)",-0.00021008850308135152,-0.0002105236053466797,-4.3510226532816887e-07,0.1710580289363861,0.17321178019046785,0.0015378655152484583,0.03569641858685736
batch1_0_127,0,5,"(0,5)",-0.0006041321903467178,-0.0006039142608642578,2.1792948246002197e-07,0.07710444182157516,0.08358382582664489,0.0002267850970533119,0.000846976106296092
batch1_0_127,0,6,"(0,6)",-3.878492134390399e-05,-3.8623809814453125e-05,1.611115294508636e-07,0.24554608762264252,0.2420018047094345,0.002281915603096344,0.007122084341182811
batch1_0_127,0,7,"(0,7)",-0.0011436906788730994,-0.0011440515518188477,-3.6087294574826956e-07,0.2576097249984741,0.2613454282283783,0.0002613175573054686,0.001003649746591924
batch1_0_127,1,2,"(1,2)",-0.005620473297312856,-0.0056209564208984375,-4.831235855817795e-07,0.2944656312465668,0.3106282830238342,0.00010301437425477389,0.00023164864535196885
batch1_0_127,1,3,"(1,3)",-0.003474043740425259,-0.0034737586975097656,2.850429154932499e-07,0.364520788192749,0.3825424611568451,0.00024122651086786956,0.00037411863678719627
batch1_0_127,1,4,"(1,4)",-0.002986490959301591,-0.0029870271682739258,-5.362089723348618e-07,0.33293959498405457,0.345385479927063,0.0002673332376773726,0.00030710373922385555
batch1_0_127,1,5,"(1,5)",-0.004614006611518562,-0.004614830017089844,-8.234055712819099e-07,0.2389860302209854,0.25355115830898284,0.00014370120044688808,0.0003334589408854188
batch1_0_127,1,6,"(1,6)",-0.002714334346819669,-0.0027151107788085938,-7.764319889247417e-07,0.4074276387691498,0.40847277641296387,0.00036218057685235937,0.0004791972184993788
batch1_0_127,1,7,"(1,7)",-0.003515514312312007,-0.003515958786010742,-4.444736987352371e-07,0.41949132084846497,0.425912207365036,0.0002798641198893879,0.0005145446181035971
batch1_0_127,2,3,"(2,3)",-0.003820302023086697,-0.0038199424743652344,3.595487214624882e-07,0.21101173758506775,0.21560152769088745,0.00012584394482951865,0.000251520658180449
batch1_0_127,2,4,"(2,4)",-0.003234192612580955,-0.003234267234802246,-7.462222129106522e-08,0.1794305145740509,0.1851724147796631,6.483778984161016e-05,0.0002513754567646822
batch1_0_127,2,5,"(2,5)",-0.002778763504466042,-0.0027787089347839355,5.4569682106375694e-08,0.08547695726156235,0.08352610170841217,2.719175684783898e-05,8.994434382085234e-05
batch1_0_127,2,6,"(2,6)",-0.0043529130052775145,-0.004353165626525879,-2.5262124836444855e-07,0.2539185881614685,0.26103546619415285,5.3680858818399535e-05,0.00014867476155216452
batch1_0_127,2,7,"(2,7)",-0.0044691667426377535,-0.00446927547454834,-1.0873191058635712e-07,0.2659822702407837,0.28096680641174315,0.00012193745416264722,0.0001761384351732929
batch1_0_127,3,4,"(3,4)",0.00037254424751154147,0.0003720521926879883,-4.920548235531896e-07,0.24948568642139435,0.2540674120187759,0.0015747457818827556,0.01870031525671136
batch1_0_127,3,5,"(3,5)",-0.0005602990204351954,-0.0005601644515991211,1.3456883607432246e-07,0.1555320918560028,0.15268002152442933,0.0005215721646646371,0.0008652825017485541
batch1_0_127,3,6,"(3,6)",-4.118518882023636e-05,-4.124641418457031e-05,-6.122536433394998e-08,0.32397371530532837,0.3217923104763031,0.0014642390853063618,0.0022188817776709136
batch1_0_127,3,7,"(3,7)",-0.0021282834641169757,-0.0021293163299560547,-1.0328658390790224e-06,0.33603739738464355,0.34032337069511415,0.0004987079417832842,0.0014236263729947084
batch1_0_127,4,5,"(4,5)",-0.001345078373560682,-0.001345217227935791,-1.388543751090765e-07,0.12395090609788895,0.12200534045696258,0.0002869022066596478,0.0006037813320328134
batch1_0_127,4,6,"(4,6)",-0.0006234414217942685,-0.0006241798400878906,-7.384182936220895e-07,0.2923925220966339,0.2944136679172516,0.0020731600465673855,0.05418768977169331
batch1_0_127,4,7,"(4,7)",-0.0019039625476580113,-0.0019048452377319336,-8.826900739222765e-07,0.3044562041759491,0.3067064046859741,0.00034182816821504445,0.0010377375498333806
batch1_0_127,5,6,"(5,6)",-0.001581292221089825,-0.0015815496444702148,-2.574233803898096e-07,0.19843895733356476,0.1955079585313797,0.00015373843045449014,0.00031795157591884546
batch1_0_127,5,7,"(5,7)",-0.002645347616635263,-0.0026456117630004883,-2.641463652253151e-07,0.21050262451171875,0.2141069859266281,0.00015923247974874757,0.0004126488268606187
batch1_0_127,6,7,"(6,7)",-0.0012431016366463155,-0.0012431144714355469,-1.2834789231419563e-08,0.3789442479610443,0.3724323928356171,0.00041023723728331993,0.0008136910412281296
batch2_128_255,0,1,"(0,1)",-0.002835488354321569,-0.0028357505798339844,-2.6222551241517067e-07,0.286093145608902,0.29631365537643434,0.00018177592183974382,0.0004247084432503142
batch2_128_255,0,2,"(0,2)",-0.00182345014763996,-0.0018232464790344238,2.0366860553622246e-07,0.13258406519889832,0.1385699301958084,0.0003349055653524717,0.0003875684791603381
batch2_128_255,0,3,"(0,3)",0.0004566076931951102,0.0004563331604003906,-2.7453279471956193e-07,0.20263920724391937,0.20667790174484252,0.0018093308748799183,0.002948427173824611
batch2_128_255,0,4,"(0,4)",-0.00019719563351827674,-0.00019729137420654297,-9.574068826623261e-08,0.1710580289363861,0.17153323590755462,0.0006947572548690268,0.0022803367982418463
batch2_128_255,0,5,"(0,5)",-0.000492592909722589,-0.000492393970489502,1.9893923308700323e-07,0.07710444182157516,0.08110346347093582,0.0004179519664593367,0.000673589601245724
batch2_128_255,0,6,"(0,6)",-0.00027162507194589125,-0.0002720355987548828,-4.105268089915626e-07,0.24554608762264252,0.2423306167125702,0.0013631798795379552,0.0019268417709385579
batch2_128_255,0,7,"(0,7)",-0.0010427481320220977,-0.0010427236557006836,2.4476321414113045e-08,0.2576097249984741,0.2603509843349457,0.0006973414291683002,0.0014481362312457606
batch2_128_255,1,2,"(1,2)",-0.005373175372369587,-0.005373835563659668,-6.601912900805473e-07,0.2944656312465668,0.3073925137519836,0.00010881655298106431,0.0002883024064465199
batch2_128_255,1,3,"(1,3)",-0.003855199203826487,-0.0038552284240722656,-2.922024577856064e-08,0.364520788192749,0.38156103491783144,0.000341638014286707,0.000519095683307261
batch2_128_255,1,4,"(1,4)",-0.0033244736841879785,-0.003324747085571289,-2.734013833105564e-07,0.33293959498405457,0.34597553610801696,0.0002252807315424775,0.00023820979602358344
batch2_128_255,1,5,"(1,5)",-0.004348254180513322,-0.0043485164642333984,-2.6228372007608414e-07,0.2389860302209854,0.25036510825157166,7.887604786829592e-05,0.00026149821602430384
batch2_128_255,1,6,"(1,6)",-0.0027449994813650846,-0.002746105194091797,-1.1057127267122269e-06,0.4074276387691498,0.4083811342716217,0.00033084477887665626,0.0008050092221244092
batch2_128_255,1,7,"(1,7)",-0.003518812300171703,-0.0035190582275390625,-2.459273673593998e-07,0.41949132084846497,0.4258168339729309,0.00022393527377493017,0.00045675399659747025
batch2_128_255,2,3,"(2,3)",-0.0033446779707446694,-0.0033446550369262695,2.293381839990616e-08,0.21101173758506775,0.21472276151180267,0.00010137816696064043,0.00028559911975858726
batch2_128_255,2,4,"(2,4)",-0.0026351361302658916,-0.0026355981826782227,-4.620524123311043e-07,0.1794305145740509,0.1829596757888794,0.00022368018762664732,0.00039530188621390887
batch2_128_255,2,5,"(2,5)",-0.00242535985307768,-0.0024254024028778076,-4.2549800127744675e-08,0.08547695726156235,0.08460604846477508,3.31551198170202e-05,9.276405976754014e-05
batch2_128_255,2,6,"(2,6)",-0.003454679623246193,-0.00345456600189209,1.1362135410308838e-07,0.2539185881614685,0.25438402891159057,0.0002031074934024229,0.00031752302457425447
batch2_128_255,2,7,"(2,7)",-0.004035281541291624,-0.004035234451293945,4.708999767899513e-08,0.2659822702407837,0.2764862298965454,0.0001286760447423134,0.000381883203726923
batch2_128_255,3,4,"(3,4)",-0.0003812776540144114,-0.0003813505172729492,-7.286325853783637e-08,0.24948568642139435,0.254774871468544,0.0011488062454738403,0.006361665407238219
batch2_128_255,3,5,"(3,5)",-0.0011088214232586324,-0.0011086463928222656,1.750304363667965e-07,0.1555320918560028,0.15336447060108185,0.00024331819541876677,0.0006977600886208294
batch2_128_255,3,6,"(3,6)",-0.0004798466034117155,-0.0004801750183105469,-3.284148988313973e-07,0.32397371530532837,0.32052242159843447,0.0018847384516759232,0.010648712018281922
batch2_128_255,3,7,"(3,7)",-0.0019629090384114534,-0.001963376998901367,-4.679604899138212e-07,0.33603739738464355,0.3401949405670166,0.0003480213465615643,0.0005185398013620445
batch2_128_255,4,5,"(4,5)",-0.001114179176511243,-0.0011146068572998047,-4.276807885617018e-07,0.12395090609788895,0.11890009492635727,0.000482353302283406,0.000731066518409492
batch2_128_255,4,6,"(4,6)",-0.0009967103251256049,-0.0009970664978027344,-3.5617267712950706e-07,0.2923925220966339,0.2973955512046814,0.0009239050386299426,0.007368008342889827
batch2_128_255,4,7,"(4,7)",-0.0019678168173413724,-0.0019685029983520508,-6.861810106784105e-07,0.3044562041759491,0.3063391387462616,0.0003993951302605829,0.0005263050636156054
batch2_128_255,5,6,"(5,6)",-0.00169790317886509,-0.0016980171203613281,-1.1394149623811245e-07,0.19843895733356476,0.193815416097641,0.00011592354224867993,0.00019451672174130162
batch2_128_255,5,7,"(5,7)",-0.002216645429143682,-0.002216935157775879,-2.89728632196784e-07,0.21050262451171875,0.2102452337741852,0.00014152995584291563,0.00028329344069150325
batch2_128_255,6,7,"(6,7)",-0.0014054729545023292,-0.0014057159423828125,-2.429878804832697e-07,0.3789442479610443,0.37110260128974915,0.00036628102832760495,0.0009758741514445072
