batch,pair_i,pair_j,pair,k,loss_T4,mu_norm,gate_mass,DeltaA_1st,DeltaA_finite,residual,relative_abs_error,A_before,A_after,router_trainable
batch1_0_127,0,1,"(0,1)",0,3.296374797821045,7.1135149002075195,0.286093145608902,-0.000651888083666563,-0.0006518363952636719,5.168840289115906e-08,7.929030179603248e-05,-1.7725545167922974,-1.773206353187561,True
batch1_0_127,0,1,"(0,1)",1,3.2547881603240967,7.09817361831665,0.2924388349056244,-0.0006282057729549706,-0.0006282329559326172,-2.718297764658928e-08,4.327081796578418e-05,-1.8208104372024536,-1.8214386701583862,True
batch1_0_127,0,1,"(0,1)",2,3.2162744998931885,7.088470458984375,0.29826706647872925,-0.0006040273001417518,-0.0006040334701538086,-6.170012056827545e-09,1.0214790052336345e-05,-1.865790843963623,-1.8663948774337769,True
batch1_0_127,0,1,"(0,1)",3,3.1796460151672363,7.08009147644043,0.3043355643749237,-0.0005814536707475781,-0.0005815029144287109,-4.9243681132793427e-08,8.469063591856004e-05,-1.912644863128662,-1.9132263660430908,True
batch1_0_127,0,1,"(0,1)",4,3.1440348625183105,7.071660041809082,0.30975791811943054,-0.0005574689712375402,-0.0005576610565185547,-1.9208528101444244e-07,0.0003445667668068183,-1.9548931121826172,-1.9554507732391357,True
batch1_0_127,0,2,"(0,2)",0,3.558218479156494,7.1135149002075195,0.13258406519889832,-0.0005276694428175688,-0.0005275607109069824,1.0873191058635712e-07,0.0002060606541962465,-0.8393160700798035,-0.8398436307907104,True
batch1_0_127,0,2,"(0,2)",1,3.48588228225708,7.129064559936523,0.13613106310367584,-0.0004799978923983872,-0.0004799962043762207,1.6880221664905548e-09,3.516728288234931e-06,-0.881980836391449,-0.8824608325958252,True
batch1_0_127,0,2,"(0,2)",2,3.421469211578369,7.145425319671631,0.1395256668329239,-0.0004430304979905486,-0.0004429817199707031,4.877801984548569e-08,0.00011010081713725788,-0.9232204556465149,-0.9236634373664856,True
batch1_0_127,0,2,"(0,2)",3,3.367036819458008,7.162025451660156,0.14354248344898224,-0.00041322497418150306,-0.0004132390022277832,-1.4028046280145645e-08,3.394772135428589e-05,-0.9719584584236145,-0.9723716974258423,True
batch1_0_127,0,2,"(0,2)",4,3.3153820037841797,7.1800217628479,0.14770376682281494,-0.0003908460203092545,-0.00039076805114746094,7.796916179358959e-08,0.0001994881813863602,-1.022354006767273,-1.0227447748184204,True
batch1_0_127,0,3,"(0,3)",0,3.648376941680908,7.1135149002075195,0.20263920724391937,0.00024911065702326596,0.00024890899658203125,-2.0166044123470783e-07,0.0008095215341023068,-1.7666159868240356,-1.7663670778274536,True
batch1_0_127,0,3,"(0,3)",1,3.5567641258239746,7.082202434539795,0.20497381687164307,0.0002127925108652562,0.0002129077911376953,1.152802724391222e-07,0.0005417496695272308,-1.769483208656311,-1.7692703008651733,True
batch1_0_127,0,3,"(0,3)",2,3.478534698486328,7.061277389526367,0.20790478587150574,0.00017900897364597768,0.00017905235290527344,4.3379259295761585e-08,0.00024233008218656034,-1.782914638519287,-1.7827355861663818,True
batch1_0_127,0,3,"(0,3)",3,3.4074549674987793,7.049278736114502,0.21126686036586761,0.00014445003762375563,0.0001443624496459961,-8.758797775954008e-08,0.0006063548282879488,-1.8041142225265503,-1.8039698600769043,True
batch1_0_127,0,3,"(0,3)",4,3.3432512283325195,7.0460734367370605,0.2144152671098709,0.00012090781092410907,0.0001207590103149414,-1.4880060916766524e-07,0.0012306947585136894,-1.8304847478866577,-1.8303639888763428,True
batch1_0_127,0,4,"(0,4)",0,3.4180288314819336,7.1135149002075195,0.1710580289363861,5.31575278728269e-06,5.125999450683594e-06,-1.8975333659909666e-07,0.03569641858685736,-1.2773044109344482,-1.2772992849349976,True
batch1_0_127,0,4,"(0,4)",1,3.3669967651367188,7.09908390045166,0.17201533913612366,-2.4948509235400707e-05,-2.5153160095214844e-05,-2.0465085981413722e-07,0.008202929396829359,-1.2764058113098145,-1.2764309644699097,True
batch1_0_127,0,4,"(0,4)",2,3.3199193477630615,7.089474678039551,0.17301276326179504,-4.8382262320956215e-05,-4.839897155761719e-05,-1.6709236660972238e-08,0.00034535872981976754,-1.278611421585083,-1.2786598205566406,True
batch1_0_127,0,4,"(0,4)",3,3.2759275436401367,7.082846164703369,0.17433294653892517,-6.415514508262277e-05,-6.42538070678711e-05,-9.866198524832726e-08,0.0015378655152484583,-1.284576177597046,-1.2846404314041138,True
batch1_0_127,0,4,"(0,4)",4,3.2342021465301514,7.080448150634766,0.1756398230791092,-7.791833922965452e-05,-7.784366607666016e-05,7.46731529943645e-08,0.0009583514450208539,-1.2941046953201294,-1.294182538986206,True
batch1_0_127,0,5,"(0,5)",0,3.401585578918457,7.1135149002075195,0.07710444182157516,-0.00012318792869336903,-0.00012308359146118164,1.0433723218739033e-07,0.000846976106296092,-0.5973596572875977,-0.5974827408790588,True
batch1_0_127,0,5,"(0,5)",1,3.342928171157837,7.109194755554199,0.0805787742137909,-0.00012364807480480522,-0.00012362003326416016,2.8041540645062923e-08,0.0002267850970533119,-0.6296001672744751,-0.6297237873077393,True
batch1_0_127,0,5,"(0,5)",2,3.292109727859497,7.108325481414795,0.08387874811887741,-0.00012116358266212046,-0.00012117624282836914,-1.2660166248679161e-08,0.00010448821312905207,-0.6610954403877258,-0.6612166166305542,True
batch1_0_127,0,5,"(0,5)",3,3.2449519634246826,7.108218193054199,0.08673188090324402,-0.0001192164490930736,-0.00011920928955078125,7.159542292356491e-09,6.0054986931937194e-05,-0.6928911209106445,-0.6930103302001953,True
batch1_0_127,0,5,"(0,5)",4,3.201324462890625,7.110461711883545,0.089625284075737,-0.00011691615509334952,-0.00011682510375976562,9.105133358389139e-08,0.0007787746142626155,-0.7193922400474548,-0.7195090651512146,True
batch1_0_127,0,6,"(0,6)",0,3.277974843978882,7.1135149002075195,0.24554608762264252,5.953502477495931e-05,5.9485435485839844e-05,-4.958928911946714e-08,0.0008329431172139968,-1.911665916442871,-1.9116064310073853,True
batch1_0_127,0,6,"(0,6)",1,3.2394700050354004,7.095394134521484,0.24388372898101807,1.6651303667458706e-05,1.6689300537109375e-05,3.7996869650669396e-08,0.002281915603096344,-1.8926321268081665,-1.8926154375076294,True
batch1_0_127,0,6,"(0,6)",2,3.203763484954834,7.079784870147705,0.24188777804374695,-1.361212162009906e-05,-1.3709068298339844e-05,-9.694667824078351e-08,0.007122084341182811,-1.8722081184387207,-1.872221827507019,True
batch1_0_127,0,6,"(0,6)",3,3.170915126800537,7.067028045654297,0.24020962417125702,-3.927848956664093e-05,-3.921985626220703e-05,5.863330443389714e-08,0.001492758634071667,-1.8548142910003662,-1.8548535108566284,True
batch1_0_127,0,6,"(0,6)",4,3.139309883117676,7.060484886169434,0.238481804728508,-6.208063859958202e-05,-6.186962127685547e-05,2.1101732272654772e-07,0.0033990842795223516,-1.8428523540496826,-1.8429142236709595,True
batch1_0_127,0,7,"(0,7)",0,3.2909388542175293,7.1135149002075195,0.2576097249984741,-0.0001700672146398574,-0.00017011165618896484,-4.4441549107432365e-08,0.0002613175573054686,-1.728290319442749,-1.728460431098938,True
batch1_0_127,0,7,"(0,7)",1,3.2491021156311035,7.098782539367676,0.2595641613006592,-0.00020233351096976548,-0.00020253658294677734,-2.0307197701185942e-07,0.001003649746591924,-1.7407317161560059,-1.7409342527389526,True
batch1_0_127,0,7,"(0,7)",2,3.209230661392212,7.089024543762207,0.2615148425102234,-0.00023282758775167167,-0.00023281574249267578,1.1845258995890617e-08,5.0875667743139126e-05,-1.7544931173324585,-1.7547259330749512,True
batch1_0_127,0,7,"(0,7)",3,3.172147750854492,7.084216594696045,0.26305803656578064,-0.00025867842487059534,-0.0002586841583251953,-5.73345459997654e-09,2.2164409740954304e-05,-1.768019199371338,-1.768277883529663,True
batch1_0_127,0,7,"(0,7)",4,3.1377086639404297,7.076137065887451,0.26498037576675415,-0.0002797839406412095,-0.0002799034118652344,-1.1947122402489185e-07,0.0004270124430697753,-1.780899167060852,-1.7811790704727173,True
batch1_0_127,1,2,"(1,2)",0,3.4852943420410156,7.1135149002075195,0.2944656312465668,-0.0011798120103776455,-0.0011799335479736328,-1.2153759598731995e-07,0.00010301437425477389,-1.5454318523406982,-1.5466117858886719,True
batch1_0_127,1,2,"(1,2)",1,3.4386942386627197,7.090872287750244,0.30280253291130066,-0.0011423754040151834,-0.0011425018310546875,-1.264270395040512e-07,0.00011067030947943173,-1.5991190671920776,-1.6002615690231323,True
batch1_0_127,1,2,"(1,2)",2,3.3867249488830566,7.075303554534912,0.3107122480869293,-0.0011199063155800104,-0.001119852066040039,5.4249539971351624e-08,4.844114120675823e-05,-1.6510790586471558,-1.6521989107131958,True
batch1_0_127,1,2,"(1,2)",3,3.3383686542510986,7.059805393218994,0.3185856342315674,-0.0010999045334756374,-0.0010999441146850586,-3.958120942115784e-08,3.598604080308989e-05,-1.7020435333251953,-1.7031434774398804,True
batch1_0_127,1,2,"(1,2)",4,3.2927021980285645,7.045538902282715,0.326575368642807,-0.001078475033864379,-0.0010787248611450195,-2.498272806406021e-07,0.00023164864535196885,-1.7540258169174194,-1.7551045417785645,True
batch1_0_127,1,3,"(1,3)",0,3.525826930999756,7.1135149002075195,0.364520788192749,-0.0006360466941259801,-0.0006358623504638672,1.8434366211295128e-07,0.0002898272466713565,-2.4727323055267334,-2.4733681678771973,True
batch1_0_127,1,3,"(1,3)",1,3.4574856758117676,7.0714569091796875,0.3737754821777344,-0.0006812494248151779,-0.0006811618804931641,8.754432201385498e-08,0.00012850553530757935,-2.513540267944336,-2.514221429824829,True
batch1_0_127,1,3,"(1,3)",2,3.3979156017303467,7.039781093597412,0.38261306285858154,-0.0007048337138257921,-0.0007050037384033203,-1.700245775282383e-07,0.00024122651086786956,-2.556338310241699,-2.5570433139801025,True
batch1_0_127,1,3,"(1,3)",3,3.3440465927124023,7.012729167938232,0.391713410615921,-0.0007211259799078107,-0.0007212162017822266,-9.022187441587448e-08,0.0001251125003531401,-2.6048665046691895,-2.6055877208709717,True
batch1_0_127,1,3,"(1,3)",4,3.2947802543640137,6.993710994720459,0.4000895619392395,-0.0007307879277504981,-0.0007305145263671875,2.734013833105564e-07,0.00037411863678719627,-2.6512320041656494,-2.6519625186920166,True
batch1_0_127,1,4,"(1,4)",0,3.425407886505127,7.1135149002075195,0.33293959498405457,-0.000570613075979054,-0.0005706548690795898,-4.17931005358696e-08,7.324245148809688e-05,-1.983420491218567,-1.9839911460876465,True
batch1_0_127,1,4,"(1,4)",1,3.3777289390563965,7.0918354988098145,0.33938634395599365,-0.0005879718228243291,-0.0005879402160644531,3.16067598760128e-08,5.375556897299837e-05,-2.0194361209869385,-2.020024061203003,True
batch1_0_127,1,4,"(1,4)",2,3.333858013153076,7.075213432312012,0.3455500304698944,-0.000600402825511992,-0.0006005764007568359,-1.735752448439598e-07,0.00028909798133602046,-2.054110288619995,-2.054710865020752,True
batch1_0_127,1,4,"(1,4)",3,3.2923648357391357,7.061270236968994,0.3516969680786133,-0.0006108792149461806,-0.0006110668182373047,-1.8760329112410545e-07,0.00030710373922385555,-2.0909550189971924,-2.0915660858154297,True
batch1_0_127,1,4,"(1,4)",4,3.249666690826416,7.04893159866333,0.35735446214675903,-0.0006166240200400352,-0.0006167888641357422,-1.648440957069397e-07,0.0002673332376773726,-2.122326612472534,-2.12294340133667,True
batch1_0_127,1,5,"(1,5)",0,3.400010585784912,7.1135149002075195,0.2389860302209854,-0.0009713282925076783,-0.0009714365005493164,-1.0820804163813591e-07,0.00011140213095077793,-1.3034754991531372,-1.3044469356536865,True
batch1_0_127,1,5,"(1,5)",1,3.3471322059631348,7.088596820831299,0.24679577350616455,-0.0009506766800768673,-0.0009508132934570312,-1.36613380163908e-07,0.00014370120044688808,-1.3547077178955078,-1.3556585311889648,True
batch1_0_127,1,5,"(1,5)",2,3.2983181476593018,7.071700572967529,0.2540414333343506,-0.0009267331915907562,-0.000926971435546875,-2.382439561188221e-07,0.00025707933877912754,-1.403699517250061,-1.404626488685608,True
batch1_0_127,1,5,"(1,5)",3,3.252542495727539,7.054287910461426,0.26068007946014404,-0.0008954498916864395,-0.0008955001831054688,-5.029141902923584e-08,5.616329790885321e-05,-1.4484926462173462,-1.4493881464004517,True
batch1_0_127,1,5,"(1,5)",4,3.209770679473877,7.041252613067627,0.26725247502326965,-0.0008698185556568205,-0.0008701086044311523,-2.900487743318081e-07,0.0003334589408854188,-1.4921337366104126,-1.4930038452148438,True
batch1_0_127,1,6,"(1,6)",0,3.221325635910034,7.1135149002075195,0.4074276387691498,-0.0005216709687374532,-0.0005218982696533203,-2.2730091586709023e-07,0.0004357170122332154,-2.617781639099121,-2.6183035373687744,True
batch1_0_127,1,6,"(1,6)",1,3.187830924987793,7.094555377960205,0.40795037150382996,-0.000538898806553334,-0.0005388259887695312,7.281778380274773e-08,0.0001351232975787655,-2.615938425064087,-2.6164772510528564,True
batch1_0_127,1,6,"(1,6)",2,3.156789779663086,7.079334259033203,0.4084835648536682,-0.0005453042103908956,-0.000545501708984375,-1.974985934793949e-07,0.00036218057685235937,-2.6154770851135254,-2.6160225868225098,True
batch1_0_127,1,6,"(1,6)",3,3.126614570617676,7.066028118133545,0.4090910851955414,-0.0005524962325580418,-0.0005526542663574219,-1.58033799380064e-07,0.0002860359764778341,-2.6158928871154785,-2.616445541381836,True
batch1_0_127,1,6,"(1,6)",4,3.0989251136779785,7.0542755126953125,0.40941122174263,-0.0005559641285799444,-0.0005562305450439453,-2.664164640009403e-07,0.0004791972184993788,-2.6149210929870605,-2.6154773235321045,True
batch1_0_127,1,7,"(1,7)",0,3.2264063358306885,7.1135149002075195,0.41949132084846497,-0.0007019881741143763,-0.0007021427154541016,-1.5454133972525597e-07,0.00022014806719532605,-2.434406280517578,-2.4351084232330322,True
batch1_0_127,1,7,"(1,7)",1,3.190258026123047,7.100550174713135,0.42279353737831116,-0.0007036147289909422,-0.0007038116455078125,-1.9691651687026024e-07,0.0002798641198893879,-2.4559991359710693,-2.456702947616577,True
batch1_0_127,1,7,"(1,7)",2,3.1563806533813477,7.0920820236206055,0.42596757411956787,-0.0007048794650472701,-0.0007052421569824219,-3.626919351518154e-07,0.0005145446181035971,-2.4772722721099854,-2.4779775142669678,True
batch1_0_127,1,7,"(1,7)",3,3.123734474182129,7.085229873657227,0.42903584241867065,-0.000704130157828331,-0.0007038116455078125,3.1851232051849365e-07,0.0004523486417636835,-2.4982802867889404,-2.4989840984344482,True
batch1_0_127,1,7,"(1,7)",4,3.0935873985290527,7.077464580535889,0.4322727620601654,-0.0007009017863310874,-0.0007009506225585938,-4.8836227506399155e-08,6.967627770223747e-05,-2.5191502571105957,-2.5198512077331543,True
batch1_0_127,2,3,"(2,3)",0,3.8000597953796387,7.1135149002075195,0.21101173758506775,-0.0007859366596676409,-0.00078582763671875,1.0902294889092445e-07,0.00013871722046535963,-1.5394936800003052,-1.540279507637024,True
batch1_0_127,2,3,"(2,3)",1,3.7289974689483643,7.108171463012695,0.2134433388710022,-0.0007822096813470125,-0.000782012939453125,1.9674189388751984e-07,0.000251520658180449,-1.5514822006225586,-1.5522642135620117,True
batch1_0_127,2,3,"(2,3)",2,3.6658267974853516,7.107917308807373,0.2157939374446869,-0.0007677960093133152,-0.0007677078247070312,8.818460628390312e-08,0.00011485421285631814,-1.565843105316162,-1.5666108131408691,True
batch1_0_127,2,3,"(2,3)",3,3.604055881500244,7.106222152709961,0.21796828508377075,-0.0007511624135077,-0.0007512569427490234,-9.452924132347107e-08,0.00012584394482951865,-1.578484058380127,-1.579235315322876,True
batch1_0_127,2,3,"(2,3)",4,3.5489518642425537,7.108370780944824,0.21979033946990967,-0.0007331972592510283,-0.0007331371307373047,6.012851372361183e-08,8.200864496552263e-05,-1.5901210308074951,-1.5908541679382324,True
batch1_0_127,2,4,"(2,4)",0,3.6646509170532227,7.1135149002075195,0.1794305145740509,-0.0006694303010590374,-0.0006695985794067383,-1.6827834770083427e-07,0.0002513754567646822,-1.0501818656921387,-1.0508514642715454,True
batch1_0_127,2,4,"(2,4)",1,3.610553503036499,7.106382369995117,0.1826878786087036,-0.0006528805824927986,-0.0006529092788696289,-2.8696376830339432e-08,4.395348490955612e-05,-1.0727163553237915,-1.0733692646026611,True
batch1_0_127,2,4,"(2,4)",2,3.553248882293701,7.10150146484375,0.1852933019399643,-0.0006420565769076347,-0.000641942024230957,1.1455267667770386e-07,0.00017841523753160343,-1.0908626317977905,-1.0915045738220215,True
batch1_0_127,2,4,"(2,4)",3,3.4999051094055176,7.093563079833984,0.18794368207454681,-0.0006364996661432087,-0.0006364583969116211,4.126923158764839e-08,6.483778984161016e-05,-1.1076579093933105,-1.1082943677902222,True
batch1_0_127,2,4,"(2,4)",4,3.4501585960388184,7.0886383056640625,0.1905066967010498,-0.0006333254859782755,-0.0006333589553833008,-3.346940502524376e-08,5.2847083792222175e-05,-1.1239241361618042,-1.1245574951171875,True
batch1_0_127,2,5,"(2,5)",0,3.7170231342315674,7.1135149002075195,0.08547695726156235,-0.0006739338277839124,-0.0006739199161529541,1.391163095831871e-08,2.0642428655145772e-05,-0.3702370822429657,-0.37091100215911865,True
batch1_0_127,2,5,"(2,5)",1,3.6358559131622314,7.108483791351318,0.0843232050538063,-0.0006036594277247787,-0.0006036758422851562,-1.641456037759781e-08,2.719175684783898e-05,-0.3609100580215454,-0.36151373386383057,True
batch1_0_127,2,5,"(2,5)",2,3.5548624992370605,7.104987144470215,0.08340946584939957,-0.0005478443927131593,-0.0005478262901306152,1.8102582544088364e-08,3.304329255691867e-05,-0.35182398557662964,-0.35237181186676025,True
batch1_0_127,2,5,"(2,5)",3,3.481688976287842,7.098721504211426,0.08249926567077637,-0.000498054432682693,-0.0004980564117431641,-1.979060471057892e-09,3.9735826873339715e-06,-0.34187790751457214,-0.3423759639263153,True
batch1_0_127,2,5,"(2,5)",4,3.4162404537200928,7.094844818115234,0.08192161470651627,-0.0004552714235614985,-0.0004552304744720459,4.094908945262432e-08,8.994434382085234e-05,-0.33541014790534973,-0.3358653783798218,True
batch1_0_127,2,6,"(2,6)",0,3.563352108001709,7.1135149002075195,0.2539185881614685,-0.0009143487550318241,-0.000914454460144043,-1.0570511221885681e-07,0.00011560699529270724,-1.684543251991272,-1.685457706451416,True
batch1_0_127,2,6,"(2,6)",1,3.5045650005340576,7.119472980499268,0.2579750418663025,-0.0008857197826728225,-0.0008857250213623047,-5.238689482212067e-09,5.914612707873993e-06,-1.7440555095672607,-1.744941234588623,True
batch1_0_127,2,6,"(2,6)",2,3.4448890686035156,7.127072334289551,0.261560320854187,-0.0008652937831357121,-0.0008653402328491211,-4.644971340894699e-08,5.3680858818399535e-05,-1.8001562356948853,-1.8010215759277344,True
batch1_0_127,2,6,"(2,6)",3,3.3897604942321777,7.137355804443359,0.264530211687088,-0.0008501107222400606,-0.0008500814437866211,2.9278453439474106e-08,3.444075303782163e-05,-1.850289225578308,-1.8511393070220947,True
batch1_0_127,2,6,"(2,6)",4,3.3408026695251465,7.1468939781188965,0.26719316840171814,-0.0008374399621970952,-0.0008375644683837891,-1.2450618669390678e-07,0.00014867476155216452,-1.8958414793014526,-1.8966790437698364,True
batch1_0_127,2,7,"(2,7)",0,3.5416345596313477,7.1135149002075195,0.2659822702407837,-0.0008697849698364735,-0.0008696317672729492,1.5320256352424622e-07,0.0001761384351732929,-1.501167893409729,-1.502037525177002,True
batch1_0_127,2,7,"(2,7)",1,3.477708339691162,7.121110439300537,0.2738209366798401,-0.0008706793887540698,-0.0008705854415893555,9.39471647143364e-08,0.00010790098620431741,-1.5639375448226929,-1.5648081302642822,True
batch1_0_127,2,7,"(2,7)",2,3.4135100841522217,7.131659507751465,0.28115716576576233,-0.0008864513947628438,-0.0008865594863891602,-1.0809162631630898e-07,0.00012193745416264722,-1.6262794733047485,-1.6271660327911377,True
batch1_0_127,2,7,"(2,7)",3,3.3557090759277344,7.143601894378662,0.28865644335746765,-0.0009106005309149623,-0.0009107589721679688,-1.5844125300645828e-07,0.00017399644259734627,-1.6918988227844238,-1.6928095817565918,True
batch1_0_127,2,7,"(2,7)",4,3.303889274597168,7.156506061553955,0.29521721601486206,-0.0009316504583694041,-0.0009317398071289062,-8.934875950217247e-08,9.590373589098288e-05,-1.7503197193145752,-1.751251459121704,True
batch1_0_127,3,4,"(3,4)",0,3.6321094036102295,7.1135149002075195,0.24948568642139435,0.00025149877183139324,0.00025141239166259766,-8.638016879558563e-08,0.0003434615929396887,-1.9774820804595947,-1.9772306680679321,True
batch1_0_127,3,4,"(3,4)",1,3.5582785606384277,7.069931507110596,0.25227090716362,0.00013913997099734843,0.00013887882232666016,-2.611486706882715e-07,0.0018768774264962885,-1.9680708646774292,-1.9679319858551025,True
batch1_0_127,3,4,"(3,4)",2,3.494351625442505,7.035091400146484,0.25411248207092285,5.668264930136502e-05,5.6624412536621094e-05,-5.823676474392414e-08,0.0010274178335295577,-1.9552063941955566,-1.95514976978302,True
batch1_0_127,3,4,"(3,4)",3,3.437335729598999,7.004980087280273,0.2562841475009918,-1.0063802619697526e-05,-1.0251998901367188e-05,-1.881962816696614e-07,0.01870031525671136,-1.9483613967895508,-1.9483716487884521,True
batch1_0_127,3,4,"(3,4)",4,3.384732484817505,6.983892440795898,0.2581838369369507,-6.471334199886769e-05,-6.461143493652344e-05,1.0190706234425306e-07,0.0015747457818827556,-1.9419710636138916,-1.9420356750488281,True
batch1_0_127,3,5,"(3,5)",0,3.6764800548553467,7.1135149002075195,0.1555320918560028,-0.00010475640010554343,-0.00010466575622558594,9.064387995749712e-08,0.0008652825017485541,-1.2975373268127441,-1.2976419925689697,True
batch1_0_127,3,5,"(3,5)",1,3.5927586555480957,7.078934669494629,0.15367203950881958,-0.00011487716983538121,-0.00011479854583740234,7.86239979788661e-08,0.0006844179578199406,-1.2598880529403687,-1.260002851486206,True
batch1_0_127,3,5,"(3,5)",2,3.5185084342956543,7.0538716316223145,0.15253160893917084,-0.00011628761421889067,-0.0001163482666015625,-6.065238267183304e-08,0.0005215721646646371,-1.2328583002090454,-1.232974648475647,True
batch1_0_127,3,5,"(3,5)",3,3.45058012008667,7.031426906585693,0.15124307572841644,-0.00011205722694285214,-0.00011205673217773438,4.94765117764473e-10,4.415289680662875e-06,-1.2052921056747437,-1.2054041624069214,True
batch1_0_127,3,5,"(3,5)",4,3.3889007568359375,7.0138068199157715,0.15042129158973694,-0.00011232060933252797,-0.00011229515075683594,2.5458575692027807e-08,0.00022665987874635776,-1.1839183568954468,-1.1840306520462036,True
batch1_0_127,3,6,"(3,6)",0,3.4937782287597656,7.1135149002075195,0.32397371530532837,0.0001860294141806662,0.00018596649169921875,-6.292248144745827e-08,0.00033823942156991277,-2.6118435859680176,-2.6116576194763184,True
batch1_0_127,3,6,"(3,6)",1,3.4386179447174072,7.076655864715576,0.3224848806858063,6.880222645122558e-05,6.890296936035156e-05,1.0074290912598372e-07,0.0014642390853063618,-2.569761037826538,-2.5696921348571777,True
batch1_0_127,3,6,"(3,6)",2,3.3889875411987305,7.048406600952148,0.321717768907547,-2.2600304873776622e-05,-2.2649765014648438e-05,-4.9460140871815383e-08,0.002188472286017899,-2.541527509689331,-2.5415501594543457,True
batch1_0_127,3,6,"(3,6)",3,3.342072010040283,7.024085998535156,0.32071831822395325,-0.00010300668509444222,-0.00010323524475097656,-2.2855965653434396e-07,0.0022188817776709136,-2.5123913288116455,-2.5124945640563965,True
batch1_0_127,3,6,"(3,6)",4,3.299532890319824,7.004554271697998,0.3200668692588806,-0.0001704098394839093,-0.00017023086547851562,1.789740053936839e-07,0.0010502562876399122,-2.4921975135803223,-2.492367744445801,True
batch1_0_127,3,7,"(3,7)",0,3.45691180229187,7.1135149002075195,0.33603739738464355,-0.00031672490877099335,-0.00031685829162597656,-1.3338285498321056e-07,0.00042113156019456775,-2.4284679889678955,-2.4287848472595215,True
batch1_0_127,3,7,"(3,7)",1,3.4022579193115234,7.091485023498535,0.33794713020324707,-0.00037973703001625836,-0.0003802776336669922,-5.406036507338285e-07,0.0014236263729947084,-2.424788236618042,-2.425168514251709,True
batch1_0_127,3,7,"(3,7)",2,3.353207588195801,7.076239109039307,0.3402886688709259,-0.0004344204207882285,-0.00043463706970214844,-2.166489139199257e-07,0.0004987079417832842,-2.4271605014801025,-2.4275951385498047,True
batch1_0_127,3,7,"(3,7)",3,3.3062520027160645,7.064788818359375,0.34262633323669434,-0.0004786289355251938,-0.00047850608825683594,1.2284726835787296e-07,0.0002566649427976479,-2.431926965713501,-2.432405471801758,True
batch1_0_127,3,7,"(3,7)",4,3.2641966342926025,7.060885906219482,0.3447173237800598,-0.0005187721690163016,-0.0005190372467041016,-2.6507768779993057e-07,0.0005109712965184162,-2.4369752407073975,-2.4374942779541016,True
batch1_0_127,4,5,"(4,5)",0,3.4645984172821045,7.1135149002075195,0.12395090609788895,-0.000264246657025069,-0.0002644062042236328,-1.5954719856381416e-07,0.0006037813320328134,-0.8082255125045776,-0.8084899187088013,True
batch1_0_127,4,5,"(4,5)",1,3.4126110076904297,7.099330425262451,0.12296459078788757,-0.000270165124675259,-0.0002702474594116211,-8.233473636209965e-08,0.000304757086841119,-0.7896334528923035,-0.7899037003517151,True
batch1_0_127,4,5,"(4,5)",2,3.3617124557495117,7.0894060134887695,0.12190815806388855,-0.00027145782951265574,-0.0002713799476623535,7.788185030221939e-08,0.0002869022066596478,-0.7728503942489624,-0.7731217741966248,True
batch1_0_127,4,5,"(4,5)",3,3.3133926391601562,7.081380844116211,0.12096169590950012,-0.0002706388768274337,-0.00027060508728027344,3.378954716026783e-08,0.0001248510471088487,-0.7558979988098145,-0.7561686038970947,True
batch1_0_127,4,5,"(4,5)",4,3.2705674171447754,7.075285911560059,0.12024135142564774,-0.0002685698855202645,-0.00026857852935791016,-8.64383764564991e-09,3.2184686786105446e-05,-0.739517331123352,-0.73978590965271,True
batch1_0_127,4,6,"(4,6)",0,3.444432258605957,7.1135149002075195,0.2923925220966339,6.049874627933605e-06,5.7220458984375e-06,-3.2782872949610464e-07,0.05418768977169331,-2.1225316524505615,-2.122525930404663,True
batch1_0_127,4,6,"(4,6)",1,3.394796371459961,7.0888261795043945,0.29344654083251953,-7.23292978364043e-05,-7.2479248046875e-05,-1.4995021047070622e-07,0.0020731600465673855,-2.11431622505188,-2.1143887042999268,True
batch1_0_127,4,6,"(4,6)",2,3.349719524383545,7.068077087402344,0.2943677604198456,-0.00013339781435206532,-0.00013375282287597656,-3.550085239112377e-07,0.0026612769154844952,-2.1074841022491455,-2.1076178550720215,True
batch1_0_127,4,6,"(4,6)",3,3.3077235221862793,7.052823543548584,0.29544007778167725,-0.00018790409376379102,-0.0001876354217529297,2.686720108613372e-07,0.001429835856578395,-2.104536771774292,-2.104724407196045,True
batch1_0_127,4,6,"(4,6)",4,3.2704687118530273,7.0443243980407715,0.29642143845558167,-0.0002358600904699415,-0.00023603439331054688,-1.7430284060537815e-07,0.0007390094706488365,-2.102280855178833,-2.1025168895721436,True
batch1_0_127,4,7,"(4,7)",0,3.3822643756866455,7.1135149002075195,0.3044562041759491,-0.00028735381783917546,-0.00028765201568603516,-2.9819784685969353e-07,0.0010377375498333806,-1.939156174659729,-1.939443826675415,True
batch1_0_127,4,7,"(4,7)",1,3.3351783752441406,7.097068786621094,0.305248886346817,-0.00034022622276097536,-0.00034034252166748047,-1.1629890650510788e-07,0.00034182816821504445,-1.9275938272476196,-1.927934169769287,True
batch1_0_127,4,7,"(4,7)",2,3.2895047664642334,7.085707664489746,0.3063904643058777,-0.000388091808417812,-0.00038814544677734375,-5.3638359531760216e-08,0.00013821049135367015,-1.9221988916397095,-1.9225870370864868,True
batch1_0_127,4,7,"(4,7)",3,3.2462756633758545,7.078837871551514,0.30804720520973206,-0.0004258669214323163,-0.0004259347915649414,-6.7870132625103e-08,0.00015936934570272724,-1.9203202724456787,-1.9207462072372437,True
batch1_0_127,4,7,"(4,7)",4,3.2085156440734863,7.071309566497803,0.30938926339149475,-0.0004624237772077322,-0.0004627704620361328,-3.466848284006119e-07,0.0007497123752891982,-1.9181832075119019,-1.918645977973938,True
batch1_0_127,5,6,"(5,6)",0,3.268571376800537,7.1135149002075195,0.19843895733356476,-0.000294023280730471,-0.00029408931732177734,-6.603659130632877e-08,0.00022459647121230523,-1.4425870180130005,-1.4428811073303223,True
batch1_0_127,5,6,"(5,6)",1,3.230290651321411,7.100651741027832,0.19686181843280792,-0.0003110373509116471,-0.00031113624572753906,-9.889481589198112e-08,0.00031795157591884546,-1.4275928735733032,-1.4279040098190308,True
batch1_0_127,5,6,"(5,6)",2,3.19509220123291,7.09193754196167,0.1955764889717102,-0.00031955097801983356,-0.00031960010528564453,-4.912726581096649e-08,0.00015373843045449014,-1.4155784845352173,-1.415898084640503,True
batch1_0_127,5,6,"(5,6)",3,3.1614108085632324,7.084073066711426,0.19412072002887726,-0.00032624322921037674,-0.0003262758255004883,-3.259629011154175e-08,9.991407389644905e-05,-1.403222918510437,-1.4035491943359375,True
batch1_0_127,5,6,"(5,6)",4,3.13127064704895,7.079615116119385,0.19254180788993835,-0.00033043738221749663,-0.0003304481506347656,-1.076841726899147e-08,3.258837482831652e-05,-1.3896363973617554,-1.3899668455123901,True
batch1_0_127,5,7,"(5,7)",0,3.312861442565918,7.1135149002075195,0.21050262451171875,-0.0005034548230469227,-0.0005034208297729492,3.3993273973464966e-08,6.752000858336548e-05,-1.2592114210128784,-1.2597148418426514,True
batch1_0_127,5,7,"(5,7)",1,3.2666194438934326,7.101058483123779,0.21252033114433289,-0.0005181081942282617,-0.0005183219909667969,-2.1379673853516579e-07,0.0004126488268606187,-1.2719625234603882,-1.272480845451355,True
batch1_0_127,5,7,"(5,7)",2,3.2221217155456543,7.0920562744140625,0.21400117874145508,-0.0005318773328326643,-0.0005317926406860352,8.469214662909508e-08,0.00015923247974874757,-1.2814750671386719,-1.282006859779358,True
batch1_0_127,5,7,"(5,7)",3,3.1814560890197754,7.087620735168457,0.2159796953201294,-0.0005434905178844929,-0.0005435943603515625,-1.0384246706962585e-07,0.00019106583031812033,-1.2933396100997925,-1.293883204460144,True
batch1_0_127,5,7,"(5,7)",4,3.14448881149292,7.0807108879089355,0.21753109991550446,-0.0005484167486429214,-0.0005484819412231445,-6.51925802230835e-08,0.00011887415981442046,-1.3025026321411133,-1.3030511140823364,True
batch1_0_127,6,7,"(6,7)",0,3.287686347961426,7.1135149002075195,0.3789442479610443,-0.00016937778855208308,-0.00016951560974121094,-1.3782118912786245e-07,0.0008136910412281296,-2.5735175609588623,-2.5736870765686035,True
batch1_0_127,6,7,"(6,7)",1,3.2486495971679688,7.097826957702637,0.3754143714904785,-0.00021707946143578738,-0.00021719932556152344,-1.1986412573605776e-07,0.000552167049536899,-2.5384466648101807,-2.538663864135742,True
batch1_0_127,6,7,"(6,7)",2,3.212143898010254,7.084891319274902,0.37211036682128906,-0.0002570799842942506,-0.0002570152282714844,6.475602276623249e-08,0.00025189056605866885,-2.5060203075408936,-2.506277322769165,True
batch1_0_127,6,7,"(6,7)",3,3.1776280403137207,7.074954032897949,0.36913663148880005,-0.00028663084958679974,-0.0002865791320800781,5.171750672161579e-08,0.0001804324509946174,-2.4775390625,-2.47782564163208,True
batch1_0_127,6,7,"(6,7)",4,3.1469485759735107,7.071065425872803,0.3665563464164734,-0.00031293355277739465,-0.00031280517578125,1.2837699614465237e-07,0.00041023723728331993,-2.451362371444702,-2.4516751766204834,True
batch2_128_255,0,1,"(0,1)",0,3.401085376739502,7.1135149002075195,0.286093145608902,-0.0005837547942064703,-0.000583648681640625,1.0611256584525108e-07,0.00018177592183974382,-1.7725545167922974,-1.773138165473938,True
batch2_128_255,0,1,"(0,1)",1,3.3571863174438477,7.106535911560059,0.291431188583374,-0.0005743518704548478,-0.0005743503570556641,1.5133991837501526e-09,2.6349686692090735e-06,-1.8151309490203857,-1.8157052993774414,True
batch2_128_255,0,1,"(0,1)",2,3.3159914016723633,7.103335380554199,0.2964570224285126,-0.0005656611756421626,-0.000565648078918457,1.3096723705530167e-08,2.3152947859046912e-05,-1.8555598258972168,-1.8561254739761353,True
batch2_128_255,0,1,"(0,1)",3,3.277142286300659,7.098896503448486,0.30137374997138977,-0.0005604924517683685,-0.0005606412887573242,-1.4883698895573616e-07,0.00026554682134639196,-1.8952562808990479,-1.8958169221878052,True
batch2_128_255,0,1,"(0,1)",4,3.240665912628174,7.096771717071533,0.3062131702899933,-0.0005512280622497201,-0.0005514621734619141,-2.341112121939659e-07,0.0004247084432503142,-1.9353152513504028,-1.9358667135238647,True
batch2_128_255,0,2,"(0,2)",0,3.540468215942383,7.1135149002075195,0.13258406519889832,-0.0003770660550799221,-0.0003769397735595703,1.2628152035176754e-07,0.0003349055653524717,-0.8393160700798035,-0.839693009853363,True
batch2_128_255,0,2,"(0,2)",1,3.475938320159912,7.136043071746826,0.13544796407222748,-0.00036825373535975814,-0.0003681182861328125,1.3544922694563866e-07,0.0003678149437189394,-0.8704074025154114,-0.8707755208015442,True
batch2_128_255,0,2,"(0,2)",2,3.4178552627563477,7.156135559082031,0.1385786384344101,-0.00036177190486341715,-0.0003617405891418457,3.1315721571445465e-08,8.656206065329578e-05,-0.9007418751716614,-0.9011036157608032,True
batch2_128_255,0,2,"(0,2)",3,3.3658411502838135,7.176341533660889,0.14171051979064941,-0.00036071616341359913,-0.00036066770553588867,4.8457877710461617e-08,0.00013433797158376724,-0.9343464970588684,-0.9347071647644043,True
batch2_128_255,0,2,"(0,2)",4,3.318145513534546,7.198477268218994,0.14452846348285675,-0.00035564228892326355,-0.00035578012466430664,-1.3783574104309082e-07,0.0003875684791603381,-0.9700019955635071,-0.9703577756881714,True
batch2_128_255,0,3,"(0,3)",0,3.6977405548095703,7.1135149002075195,0.20263920724391937,0.0001602366828592494,0.00016009807586669922,-1.3860699255019426e-07,0.000865014115849774,-1.7666159868240356,-1.766455888748169,True
batch2_128_255,0,3,"(0,3)",1,3.6220579147338867,7.0987067222595215,0.2044646292924881,0.0001110636439989321,0.00011098384857177734,-7.979542715474963e-08,0.0007184657758529595,-1.7719433307647705,-1.7718323469161987,True
batch2_128_255,0,3,"(0,3)",2,3.5541329383850098,7.089982986450195,0.20654679834842682,8.180637814803049e-05,8.165836334228516e-05,-1.4801480574533343e-07,0.0018093308748799183,-1.7834628820419312,-1.7833812236785889,True
batch2_128_255,0,3,"(0,3)",3,3.492025852203369,7.085141181945801,0.20851947367191315,6.014257451170124e-05,6.031990051269531e-05,1.7732600099407136e-07,0.002948427173824611,-1.7924838066101074,-1.7924234867095947,True
batch2_128_255,0,3,"(0,3)",4,3.435298204421997,7.087710380554199,0.2112194001674652,4.335841367719695e-05,4.3272972106933594e-05,-8.544157026335597e-08,0.00197058801319319,-1.8125309944152832,-1.8124877214431763,True
batch2_128_255,0,4,"(0,4)",0,3.584956169128418,7.1135149002075195,0.1710580289363861,1.1709211321431212e-05,1.1682510375976562e-05,-2.6700945454649627e-08,0.0022803367982418463,-1.2773044109344482,-1.2772927284240723,True
batch2_128_255,0,4,"(0,4)",1,3.5265021324157715,7.119203090667725,0.17120662331581116,-1.7392472727806307e-05,-1.7404556274414062e-05,-1.2083546607755125e-08,0.0006947572548690268,-1.2727971076965332,-1.2728145122528076,True
batch2_128_255,0,4,"(0,4)",2,3.4710893630981445,7.126087188720703,0.17128886282444,-4.295320832170546e-05,-4.303455352783203e-05,-8.13452061265707e-08,0.001893809782899609,-1.2683652639389038,-1.2684082984924316,True
batch2_128_255,0,4,"(0,4)",3,3.4197726249694824,7.133481502532959,0.17180146276950836,-6.519825547002256e-05,-6.520748138427734e-05,-9.225914254784584e-09,0.0001415055385803468,-1.2689158916473389,-1.2689810991287231,True
batch2_128_255,0,4,"(0,4)",4,3.3731327056884766,7.144728183746338,0.1723112016916275,-8.336090832017362e-05,-8.33272933959961e-05,3.361492417752743e-08,0.0004032456562063696,-1.2717567682266235,-1.2718400955200195,True
batch2_128_255,0,5,"(0,5)",0,3.431405544281006,7.1135149002075195,0.07710444182157516,-9.45115607464686e-05,-9.447336196899414e-05,3.8198777474462986e-08,0.00040417042288543807,-0.5973596572875977,-0.5974541306495667,True
batch2_128_255,0,5,"(0,5)",1,3.3762826919555664,7.11373233795166,0.07936804741621017,-9.726260759634897e-05,-9.72747802734375e-05,-1.2172677088528872e-08,0.00012515269114567526,-0.6177396774291992,-0.6178369522094727,True
batch2_128_255,0,5,"(0,5)",2,3.3264145851135254,7.113637924194336,0.08127657324075699,-9.865253377938643e-05,-9.85860824584961e-05,6.645132089033723e-08,0.000673589601245724,-0.6351315379142761,-0.6352301239967346,True
batch2_128_255,0,5,"(0,5)",3,3.2802181243896484,7.113054275512695,0.08312088251113892,-0.0001007959435810335,-0.00010073184967041016,6.40939106233418e-08,0.0006358778770875277,-0.6490029096603394,-0.6491036415100098,True
batch2_128_255,0,5,"(0,5)",4,3.2367944717407227,7.118769645690918,0.08464737236499786,-0.00010137026401935145,-0.00010132789611816406,4.236790118739009e-08,0.0004179519664593367,-0.6677611470222473,-0.6678624749183655,True
batch2_128_255,0,6,"(0,6)",0,3.367924213409424,7.1135149002075195,0.24554608762264252,1.3708221558772493e-05,1.3709068298339844e-05,8.467395673505962e-10,6.17687395640852e-05,-1.911665916442871,-1.9116522073745728,True
batch2_128_255,0,6,"(0,6)",1,3.324763298034668,7.102172374725342,0.24379029870033264,-2.403396683803294e-05,-2.4080276489257812e-05,-4.630965122487396e-08,0.0019268417709385579,-1.8923815488815308,-1.89240562915802,True
batch2_128_255,0,6,"(0,6)",2,3.2847673892974854,7.094471454620361,0.24216940999031067,-5.794610478915274e-05,-5.805492401123047e-05,-1.0881922207772732e-07,0.0018779385167249033,-1.8762730360031128,-1.876331090927124,True
batch2_128_255,0,6,"(0,6)",3,3.2464261054992676,7.087728977203369,0.24076728522777557,-8.773764420766383e-05,-8.785724639892578e-05,-1.1960219126194715e-07,0.0013631798795379552,-1.8622599840164185,-1.8623478412628174,True
batch2_128_255,0,6,"(0,6)",4,3.2104485034942627,7.083080768585205,0.23938000202178955,-0.00011561557766981423,-0.0001157522201538086,-1.3664248399436474e-07,0.0011818691455627295,-1.8490909337997437,-1.8492066860198975,True
batch2_128_255,0,7,"(0,7)",0,3.4299049377441406,7.1135149002075195,0.2576097249984741,-0.00015834858641028404,-0.00015842914581298828,-8.055940270423889e-08,0.0005087472173291653,-1.728290319442749,-1.728448748588562,True
batch2_128_255,0,7,"(0,7)",1,3.3800249099731445,7.110997200012207,0.25896114110946655,-0.00018456483667250723,-0.0001842975616455078,2.6727502699941397e-07,0.0014481362312457606,-1.7378318309783936,-1.738016128540039,True
batch2_128_255,0,7,"(0,7)",2,3.334101676940918,7.109828472137451,0.26041942834854126,-0.0002115918177878484,-0.0002117156982421875,-1.23880454339087e-07,0.0005854690206560596,-1.7486587762832642,-1.7488704919815063,True
batch2_128_255,0,7,"(0,7)",3,3.290569305419922,7.110333442687988,0.26183733344078064,-0.00023488688748329878,-0.00023472309112548828,1.6379635781049728e-07,0.0006973414291683002,-1.7580355405807495,-1.758270263671875,True
batch2_128_255,0,7,"(0,7)",4,3.250640392303467,7.113170623779297,0.2629272937774658,-0.00025335600366815925,-0.0002535581588745117,-2.021552063524723e-07,0.0007979096742355127,-1.7689558267593384,-1.769209384918213,True
batch2_128_255,1,2,"(1,2)",0,3.524867057800293,7.1135149002075195,0.2944656312465668,-0.0010858784662559628,-0.0010859966278076172,-1.1816155165433884e-07,0.00010881655298106431,-1.5454318523406982,-1.5465178489685059,True
batch2_128_255,1,2,"(1,2)",1,3.472444534301758,7.10526180267334,0.301133394241333,-0.001079630688764155,-0.0010796785354614258,-4.784669727087021e-08,4.431765210901884e-05,-1.589386224746704,-1.5904659032821655,True
batch2_128_255,1,2,"(1,2)",2,3.42372989654541,7.099853992462158,0.3075045943260193,-0.00107328942976892,-0.001073598861694336,-3.0943192541599274e-07,0.0002883024064465199,-1.6311252117156982,-1.6321988105773926,True
batch2_128_255,1,2,"(1,2)",3,3.3774640560150146,7.092864036560059,0.3138997554779053,-0.0010709019843488932,-0.001070857048034668,4.493631422519684e-08,4.196118307925076e-05,-1.6724631786346436,-1.6735340356826782,True
batch2_128_255,1,2,"(1,2)",4,3.334775686264038,7.086263656616211,0.31995919346809387,-0.0010634748032316566,-0.001063704490661621,-2.296874299645424e-07,0.00021597825286182132,-1.7120798826217651,-1.7131435871124268,True
batch2_128_255,1,3,"(1,3)",0,3.6200408935546875,7.1135149002075195,0.364520788192749,-0.0007179396343417466,-0.0007176399230957031,2.997112460434437e-07,0.0004174602316227301,-2.4727323055267334,-2.473449945449829,True
batch2_128_255,1,3,"(1,3)",1,3.5542662143707275,7.084487438201904,0.37319856882095337,-0.000759307062253356,-0.000759124755859375,1.8230639398097992e-07,0.00024009574392731017,-2.520190715789795,-2.5209498405456543,True
batch2_128_255,1,3,"(1,3)",2,3.4932937622070312,7.0683274269104,0.38170868158340454,-0.0007831408292986453,-0.0007829666137695312,1.7421552911400795e-07,0.0002224574720105317,-2.57075572013855,-2.5715386867523193,True
batch2_128_255,1,3,"(1,3)",3,3.438109874725342,7.053408622741699,0.38994893431663513,-0.0007923304801806808,-0.0007927417755126953,-4.112953320145607e-07,0.000519095683307261,-2.623455762863159,-2.624248504638672,True
batch2_128_255,1,3,"(1,3)",4,3.3874480724334717,7.045273780822754,0.39842820167541504,-0.0008024811977520585,-0.0008027553558349609,-2.741580829024315e-07,0.000341638014286707,-2.6783201694488525,-2.6791229248046875,True
batch2_128_255,1,4,"(1,4)",0,3.5369813442230225,7.1135149002075195,0.33293959498405457,-0.0006159739568829536,-0.0006158351898193359,1.387670636177063e-07,0.0002252807315424775,-1.983420491218567,-1.9840363264083862,True
batch2_128_255,1,4,"(1,4)",1,3.483323335647583,7.101761817932129,0.3395403325557709,-0.000641792721580714,-0.0006418228149414062,-3.009336069226265e-08,4.688953252405809e-05,-2.0247669219970703,-2.0254087448120117,True
batch2_128_255,1,4,"(1,4)",2,3.4326047897338867,7.095760822296143,0.34609901905059814,-0.0006665667169727385,-0.0006666183471679688,-5.163019523024559e-08,7.745690553636986e-05,-2.0684423446655273,-2.0691089630126953,True
batch2_128_255,1,4,"(1,4)",3,3.3854050636291504,7.090048789978027,0.35266774892807007,-0.0006900574080646038,-0.0006902217864990234,-1.6437843441963196e-07,0.00023820979602358344,-2.111828327178955,-2.112518548965454,True
batch2_128_255,1,4,"(1,4)",4,3.3416988849639893,7.0864386558532715,0.3586309850215912,-0.0007100828806869686,-0.0007102489471435547,-1.660664565861225e-07,0.00023386911739860813,-2.1516618728637695,-2.152372121810913,True
batch2_128_255,1,5,"(1,5)",0,3.4929349422454834,7.1135149002075195,0.2389860302209854,-0.0009043217287398875,-0.0009044408798217773,-1.1915108188986778e-07,0.00013175740237481292,-1.3034754991531372,-1.304379940032959,True
batch2_128_255,1,5,"(1,5)",1,3.4406089782714844,7.095272541046143,0.24516768753528595,-0.0008855564519762993,-0.0008854866027832031,6.984919309616089e-08,7.887604786829592e-05,-1.345263957977295,-1.3461494445800781,True
batch2_128_255,1,5,"(1,5)",2,3.388904571533203,7.0821213722229,0.2506435513496399,-0.0008690734975971282,-0.0008690357208251953,3.777677193284035e-08,4.3467867835445524e-05,-1.3843351602554321,-1.3852041959762573,True
batch2_128_255,1,5,"(1,5)",3,3.3416459560394287,7.068511486053467,0.2561061978340149,-0.0008545789169147611,-0.0008546113967895508,-3.247987478971481e-08,3.800687583889281e-05,-1.4214913845062256,-1.4223459959030151,True
batch2_128_255,1,5,"(1,5)",4,3.298241376876831,7.058999061584473,0.26092207431793213,-0.0008347235852852464,-0.0008349418640136719,-2.1827872842550278e-07,0.00026149821602430384,-1.4554107189178467,-1.4562456607818604,True
batch2_128_255,1,6,"(1,6)",0,3.3143563270568848,7.1135149002075195,0.4074276387691498,-0.0005184015608392656,-0.000518798828125,-3.9726728573441505e-07,0.0007663311913861904,-2.617781639099121,-2.618300437927246,True
batch2_128_255,1,6,"(1,6)",1,3.276411533355713,7.106383323669434,0.4079136848449707,-0.0005369608988985419,-0.0005369186401367188,4.225876182317734e-08,7.8699886546417e-05,-2.618685007095337,-2.6192219257354736,True
batch2_128_255,1,6,"(1,6)",2,3.2430546283721924,7.102725505828857,0.4084266126155853,-0.0005504015134647489,-0.0005505084991455078,-1.069856807589531e-07,0.00019437751921408029,-2.621227264404297,-2.6217777729034424,True
batch2_128_255,1,6,"(1,6)",3,3.2094273567199707,7.098295211791992,0.40871721506118774,-0.000562691711820662,-0.0005631446838378906,-4.5297201722860336e-07,0.0008050092221244092,-2.6216824054718018,-2.6222455501556396,True
batch2_128_255,1,6,"(1,6)",4,3.1770401000976562,7.0945634841918945,0.40942052006721497,-0.0005765437963418663,-0.0005767345428466797,-1.907465048134327e-07,0.00033084477887665626,-2.6266849040985107,-2.6272616386413574,True
batch2_128_255,1,7,"(1,7)",0,3.378659248352051,7.1135149002075195,0.41949132084846497,-0.0006904466426931322,-0.0006902217864990234,2.248561941087246e-07,0.0003256677347747805,-2.434406280517578,-2.435096502304077,True
batch2_128_255,1,7,"(1,7)",1,3.335115909576416,7.106786251068115,0.4228246808052063,-0.000698485819157213,-0.0006988048553466797,-3.1903618946671486e-07,0.00045675399659747025,-2.45656156539917,-2.4572603702545166,True
batch2_128_255,1,7,"(1,7)",2,3.2927567958831787,7.101384162902832,0.4258532226085663,-0.0007038924377411604,-0.0007040500640869141,-1.5762634575366974e-07,0.00022393527377493017,-2.4769530296325684,-2.4776570796966553,True
batch2_128_255,1,7,"(1,7)",3,3.2530064582824707,7.097324848175049,0.4289819002151489,-0.0007103372481651604,-0.0007102489471435547,8.830102160573006e-08,0.00012430858980549926,-2.4987192153930664,-2.49942946434021,True
batch2_128_255,1,7,"(1,7)",4,3.216229200363159,7.093527793884277,0.43193304538726807,-0.0007156501524150372,-0.0007157325744628906,-8.242204785346985e-08,0.00011517086606539233,-2.5187079906463623,-2.519423723220825,True
batch2_128_255,2,3,"(2,3)",0,3.7554123401641846,7.1135149002075195,0.21101173758506775,-0.0006514411070384085,-0.0006514787673950195,-3.766035661101341e-08,5.781083846892238e-05,-1.5394936800003052,-1.5401451587677002,True
batch2_128_255,2,3,"(2,3)",1,3.691833972930908,7.119776248931885,0.21277713775634766,-0.0006703612161800265,-0.0006705522537231445,-1.9103754311800003e-07,0.00028497702209952523,-1.5493756532669067,-1.5500462055206299,True
batch2_128_255,2,3,"(2,3)",2,3.631132125854492,7.127737045288086,0.21474239230155945,-0.0006780546973459423,-0.0006780624389648438,-7.741618901491165e-09,1.1417395870559695e-05,-1.5615487098693848,-1.5622267723083496,True
batch2_128_255,2,3,"(2,3)",3,3.5740723609924316,7.136803150177002,0.21662327647209167,-0.0006769389729015529,-0.0006768703460693359,6.862683221697807e-08,0.00010137816696064043,-1.5754806995391846,-1.576157569885254,True
batch2_128_255,2,3,"(2,3)",4,3.5209579467773438,7.146045684814453,0.21845926344394684,-0.0006678819772787392,-0.0006676912307739258,1.907465048134327e-07,0.00028559911975858726,-1.588472843170166,-1.58914053440094,True
batch2_128_255,2,4,"(2,4)",0,3.7001516819000244,7.1135149002075195,0.1794305145740509,-0.0004916631733067334,-0.0004918575286865234,-1.9435537979006767e-07,0.00039530188621390887,-1.0501818656921387,-1.0506737232208252,True
batch2_128_255,2,4,"(2,4)",1,3.641252040863037,7.116757392883301,0.18123549222946167,-0.0005111714126542211,-0.0005112886428833008,-1.1723022907972336e-07,0.00022933643427165413,-1.0566662549972534,-1.0571775436401367,True
batch2_128_255,2,4,"(2,4)",2,3.5859782695770264,7.119874000549316,0.18299821019172668,-0.0005277406889945269,-0.0005278587341308594,-1.180451363325119e-07,0.00022368018762664732,-1.061206579208374,-1.0617344379425049,True
batch2_128_255,2,4,"(2,4)",3,3.535123348236084,7.123907566070557,0.18472284078598022,-0.000545429764315486,-0.000545501708984375,-7.194466888904572e-08,0.00013190455232918254,-1.0685133934020996,-1.069058895111084,True
batch2_128_255,2,4,"(2,4)",4,3.487316131591797,7.125395774841309,0.1864113211631775,-0.0005591310909949243,-0.0005590915679931641,3.952300176024437e-08,7.068646762231856e-05,-1.0731357336044312,-1.0736948251724243,True
batch2_128_255,2,5,"(2,5)",0,3.630380630493164,7.1135149002075195,0.08547695726156235,-0.0005421433597803116,-0.0005421936511993408,-5.029141902923584e-08,9.276405976754014e-05,-0.3702370822429657,-0.37077927589416504,True
batch2_128_255,2,5,"(2,5)",1,3.5553884506225586,7.11719274520874,0.08506923168897629,-0.0005108842742629349,-0.0005109012126922607,-1.6938429325819016e-08,3.31551198170202e-05,-0.36456000804901123,-0.3650709092617035,True
batch2_128_255,2,5,"(2,5)",2,3.4878950119018555,7.122891426086426,0.08457870036363602,-0.00048246714868582785,-0.0004824697971343994,-2.648448571562767e-09,5.489386331850294e-06,-0.3572506010532379,-0.3577330708503723,True
batch2_128_255,2,5,"(2,5)",3,3.426102638244629,7.123730659484863,0.08409379422664642,-0.0004563557740766555,-0.0004563331604003906,2.2613676264882088e-08,4.955273396208546e-05,-0.3494463562965393,-0.3499026894569397,True
batch2_128_255,2,5,"(2,5)",4,3.3696341514587402,7.131781101226807,0.08381155878305435,-0.00043350929627195,-0.000433504581451416,4.71482053399086e-09,1.0875938704283629e-05,-0.3440709412097931,-0.3445044457912445,True
batch2_128_255,2,6,"(2,6)",0,3.5452170372009277,7.1135149002075195,0.2539185881614685,-0.0006675625336356461,-0.0006676912307739258,-1.2869713827967644e-07,0.00019278664064439392,-1.684543251991272,-1.685210943222046,True
batch2_128_255,2,6,"(2,6)",1,3.4907588958740234,7.118611812591553,0.25438734889030457,-0.000681500299833715,-0.0006816387176513672,-1.384178176522255e-07,0.0002031074934024229,-1.6963664293289185,-1.6970480680465698,True
batch2_128_255,2,6,"(2,6)",2,3.441577911376953,7.126819610595703,0.2544625699520111,-0.0006904907641001046,-0.0006903409957885742,1.4976831153035164e-07,0.00021690125243824235,-1.70786452293396,-1.7085548639297485,True
batch2_128_255,2,6,"(2,6)",3,3.395261287689209,7.135374069213867,0.25469970703125,-0.0007004577782936394,-0.0007002353668212891,2.2241147235035896e-07,0.00031752302457425447,-1.718835473060608,-1.7195357084274292,True
batch2_128_255,2,6,"(2,6)",4,3.3524911403656006,7.14387321472168,0.2544519305229187,-0.0007146682473830879,-0.0007146596908569336,8.556526154279709e-09,1.197272466716029e-05,-1.725937843322754,-1.7266525030136108,True
batch2_128_255,2,7,"(2,7)",0,3.5772433280944824,7.1135149002075195,0.2659822702407837,-0.0007455055601894855,-0.0007452964782714844,2.0908191800117493e-07,0.00028045655078418524,-1.501167893409729,-1.5019131898880005,True
batch2_128_255,2,7,"(2,7)",1,3.513026475906372,7.127842426300049,0.2715076804161072,-0.0007760334410704672,-0.0007760524749755859,-1.9033905118703842e-08,2.4527171267836485e-05,-1.5432255268096924,-1.544001579284668,True
batch2_128_255,2,7,"(2,7)",2,3.454033374786377,7.140226364135742,0.27677807211875916,-0.0008065546280704439,-0.0008064508438110352,1.0378425940871239e-07,0.0001286760447423134,-1.5832324028015137,-1.5840388536453247,True
batch2_128_255,2,7,"(2,7)",3,3.40130615234375,7.154775619506836,0.2815276086330414,-0.0008377689518965781,-0.0008376836776733398,8.527422323822975e-08,0.0001017872804252082,-1.620308756828308,-1.6211464405059814,True
batch2_128_255,2,7,"(2,7)",4,3.351210594177246,7.168645858764648,0.28663551807403564,-0.0008694189600646496,-0.0008697509765625,-3.320164978504181e-07,0.000381883203726923,-1.6599088907241821,-1.6607786417007446,True
batch2_128_255,3,4,"(3,4)",0,3.7731590270996094,7.1135149002075195,0.24948568642139435,5.370169674279168e-05,5.3763389587402344e-05,6.169284461066127e-08,0.0011488062454738403,-1.9774820804595947,-1.9774283170700073,True
batch2_128_255,3,4,"(3,4)",1,3.69901442527771,7.098876476287842,0.2524316906929016,-2.4714337996556424e-05,-2.4557113647460938e-05,1.572243490954861e-07,0.006361665407238219,-1.9872081279754639,-1.9872326850891113,True
batch2_128_255,3,4,"(3,4)",2,3.6320581436157227,7.090270519256592,0.25496330857276917,-8.587127376813442e-05,-8.58306884765625e-05,4.058529157191515e-08,0.000472629434629113,-1.9936370849609375,-1.993722915649414,True
batch2_128_255,3,4,"(3,4)",3,3.5688772201538086,7.08482027053833,0.25742921233177185,-0.0001394676510244608,-0.00013947486877441406,-7.2177499532699585e-09,5.175214395777025e-05,-2.002520799636841,-2.0026602745056152,True
batch2_128_255,3,4,"(3,4)",4,3.512218952178955,7.084376335144043,0.25956445932388306,-0.00018492608796805143,-0.00018525123596191406,-3.2514799386262894e-07,0.001758259191200772,-2.0111100673675537,-2.0112953186035156,True
batch2_128_255,3,5,"(3,5)",0,3.7154042720794678,7.1135149002075195,0.1555320918560028,-0.0002145245234714821,-0.00021457672119140625,-5.21977199241519e-08,0.00024331819541876677,-1.2975373268127441,-1.2977519035339355,True
batch2_128_255,3,5,"(3,5)",1,3.6361336708068848,7.092369079589844,0.15410935878753662,-0.00023003964452072978,-0.0002300739288330078,-3.42843122780323e-08,0.00014903653824305404,-1.269981026649475,-1.270211100578308,True
batch2_128_255,3,5,"(3,5)",2,3.5625107288360596,7.078881740570068,0.15315817296504974,-0.00022796801931690425,-0.00022780895233154297,1.5906698536127806e-07,0.0006977600886208294,-1.2517423629760742,-1.2519701719284058,True
batch2_128_255,3,5,"(3,5)",3,3.4973106384277344,7.065671920776367,0.15238861739635468,-0.00022120038920547813,-0.00022113323211669922,6.715708877891302e-08,0.00030360294129740096,-1.2338929176330566,-1.2341140508651733,True
batch2_128_255,3,5,"(3,5)",4,3.4382667541503906,7.059193134307861,0.1516341120004654,-0.00021508884674403816,-0.00021505355834960938,3.5288394428789616e-08,0.00016406426908217983,-1.2184314727783203,-1.21864652633667,True
batch2_128_255,3,6,"(3,6)",0,3.566020965576172,7.1135149002075195,0.32397371530532837,6.840180867584422e-05,6.866455078125e-05,2.627421054057777e-07,0.003841157280663601,-2.6118435859680176,-2.6117749214172363,True
batch2_128_255,3,6,"(3,6)",1,3.511122226715088,7.093934059143066,0.32219940423965454,-2.264702197862789e-05,-2.288818359375e-05,-2.4116161512210965e-07,0.010648712018281922,-2.576408863067627,-2.5764317512512207,True
batch2_128_255,3,6,"(3,6)",2,3.4599788188934326,7.0800628662109375,0.32048261165618896,-0.00010911170829785988,-0.00010895729064941406,1.5441764844581485e-07,0.0014152252847538234,-2.546379566192627,-2.5464885234832764,True
batch2_128_255,3,6,"(3,6)",3,3.4136385917663574,7.068880558013916,0.3187081515789032,-0.0001792335242498666,-0.000179290771484375,-5.7247234508395195e-08,0.0003194002614632949,-2.5183634757995605,-2.518542766571045,True
batch2_128_255,3,6,"(3,6)",4,3.3690948486328125,7.058931827545166,0.31724822521209717,-0.00023725615756120533,-0.0002377033233642578,-4.47165803052485e-07,0.0018847384516759232,-2.4930214881896973,-2.4932591915130615,True
batch2_128_255,3,7,"(3,7)",0,3.5710043907165527,7.1135149002075195,0.33603739738464355,-0.00029747094959020615,-0.00029754638671875,-7.543712854385376e-08,0.0002535949431289859,-2.4284679889678955,-2.4287655353546143,True
batch2_128_255,3,7,"(3,7)",1,3.5119853019714355,7.105647563934326,0.33789363503456116,-0.0003549093962647021,-0.00035500526428222656,-9.586801752448082e-08,0.0002701196940217936,-2.4301724433898926,-2.430527448654175,True
batch2_128_255,3,7,"(3,7)",2,3.4574382305145264,7.10106086730957,0.3402411639690399,-0.00040282917325384915,-0.00040268898010253906,1.4019315131008625e-07,0.0003480213465615643,-2.4376420974731445,-2.438044786453247,True
batch2_128_255,3,7,"(3,7)",3,3.408311605453491,7.098230361938477,0.34232375025749207,-0.00043921152246184647,-0.0004394054412841797,-1.9391882233321667e-07,0.00044151579003727536,-2.444105625152588,-2.444545030593872,True
batch2_128_255,3,7,"(3,7)",4,3.3620948791503906,7.097391605377197,0.3444787561893463,-0.0004684879968408495,-0.0004687309265136719,-2.429296728223562e-07,0.0005185398013620445,-2.4519858360290527,-2.4524545669555664,True
batch2_128_255,4,5,"(4,5)",0,3.572890281677246,7.1135149002075195,0.12395090609788895,-0.00020298160961829126,-0.00020301342010498047,-3.181048668920994e-08,0.00015671610225689826,-0.8082255125045776,-0.8084285259246826,True
batch2_128_255,4,5,"(4,5)",1,3.5073814392089844,7.109035491943359,0.12116774171590805,-0.00021549206576310098,-0.00021564960479736328,-1.5753903426229954e-07,0.000731066518409492,-0.7738840579986572,-0.7740997076034546,True
batch2_128_255,4,5,"(4,5)",2,3.445894241333008,7.108829975128174,0.11886975914239883,-0.0002273315330967307,-0.00022745132446289062,-1.1979136615991592e-07,0.0005269456662175594,-0.7459440231323242,-0.7461714744567871,True
batch2_128_255,4,5,"(4,5)",3,3.3901543617248535,7.113983631134033,0.11651481688022614,-0.0002322746440768242,-0.00023227930068969727,-4.6566128730773926e-09,2.004787432388544e-05,-0.7170031666755676,-0.7172354459762573,True
batch2_128_255,4,5,"(4,5)",4,3.3381965160369873,7.115550518035889,0.11399725079536438,-0.00023609932395629585,-0.00023621320724487305,-1.1388328857719898e-07,0.000482353302283406,-0.687961220741272,-0.6881974339485168,True
batch2_128_255,4,6,"(4,6)",0,3.5725486278533936,7.1135149002075195,0.2923925220966339,-6.721563113387674e-05,-6.771087646484375e-05,-4.952453309670091e-07,0.007368008342889827,-2.1225316524505615,-2.1225993633270264,True
batch2_128_255,4,6,"(4,6)",1,3.512455463409424,7.1079583168029785,0.2949407994747162,-0.00013910792768001556,-0.0001392364501953125,-1.2852251529693604e-07,0.0009239050386299426,-2.1328978538513184,-2.1330370903015137,True
batch2_128_255,4,6,"(4,6)",2,3.458031177520752,7.108588695526123,0.29746535420417786,-0.0002059583639493212,-0.00020599365234375,-3.5288394428789616e-08,0.00017133751575863554,-2.145989179611206,-2.14619517326355,True
batch2_128_255,4,6,"(4,6)",3,3.405524730682373,7.113067150115967,0.2999168336391449,-0.0002654400304891169,-0.0002651214599609375,3.185705281794071e-07,0.0012001600798206228,-2.163908004760742,-2.164173126220703,True
batch2_128_255,4,6,"(4,6)",4,3.358037233352661,7.120587348937988,0.30226224660873413,-0.00031898837187327445,-0.0003190040588378906,-1.5686964616179466e-08,4.9177230267225786e-05,-2.178445339202881,-2.1787643432617188,True
batch2_128_255,4,7,"(4,7)",0,3.505303144454956,7.1135149002075195,0.3044562041759491,-0.00031133001903072,-0.0003114938735961914,-1.6385456547141075e-07,0.0005263050636156054,-1.939156174659729,-1.9394676685333252,True
batch2_128_255,4,7,"(4,7)",1,3.4514670372009277,7.110987186431885,0.3050651252269745,-0.00035543154808692634,-0.0003554821014404297,-5.055335350334644e-08,0.0001422309127466165,-1.9291096925735474,-1.9294651746749878,True
batch2_128_255,4,7,"(4,7)",2,3.4011588096618652,7.112311363220215,0.3061636984348297,-0.0003959743189625442,-0.0003961324691772461,-1.5815021470189095e-07,0.0003993951302605829,-1.9250823259353638,-1.925478458404541,True
batch2_128_255,4,7,"(4,7)",3,3.35498046875,7.1121416091918945,0.30739226937294006,-0.00043517249287106097,-0.0004353523254394531,-1.7983256839215755e-07,0.0004132443372183473,-1.9218941926956177,-1.9223295450210571,True
batch2_128_255,4,7,"(4,7)",4,3.3108134269714355,7.1202073097229,0.3086183965206146,-0.00046990843839012086,-0.00047004222869873047,-1.3379030860960484e-07,0.0002847156971004026,-1.9206150770187378,-1.9210851192474365,True
batch2_128_255,5,6,"(5,6)",0,3.3197391033172607,7.1135149002075195,0.19843895733356476,-0.0003112345584668219,-0.00031125545501708984,-2.08965502679348e-08,6.714084184890543e-05,-1.4425870180130005,-1.4428982734680176,True
batch2_128_255,5,6,"(5,6)",1,3.2775368690490723,7.11079740524292,0.19606341421604156,-0.00032811934943310916,-0.0003281831741333008,-6.382470019161701e-08,0.00019451672174130162,-1.4191545248031616,-1.419482707977295,True
batch2_128_255,5,6,"(5,6)",2,3.238004684448242,7.109233379364014,0.1937246173620224,-0.0003416934341657907,-0.00034165382385253906,3.961031325161457e-08,0.00011592354224867993,-1.3975785970687866,-1.3979202508926392,True
batch2_128_255,5,6,"(5,6)",3,3.2005345821380615,7.108907699584961,0.1913677603006363,-0.0003549909743014723,-0.00035500526428222656,-1.4289980754256248e-08,4.0254490363804674e-05,-1.3761653900146484,-1.3765203952789307,True
batch2_128_255,5,6,"(5,6)",4,3.166579246520996,7.109466552734375,0.18948233127593994,-0.00036186486249789596,-0.0003619194030761719,-5.454057827591896e-08,0.00015072084617288889,-1.3581254482269287,-1.3584873676300049,True
batch2_128_255,5,7,"(5,7)",0,3.421046495437622,7.1135149002075195,0.21050262451171875,-0.00042081635911017656,-0.0004209280014038086,-1.1164229363203049e-07,0.0002652993193232793,-1.2592114210128784,-1.2596323490142822,True
batch2_128_255,5,7,"(5,7)",1,3.3670177459716797,7.107593059539795,0.21044498682022095,-0.0004352857649791986,-0.00043523311614990234,5.264882929623127e-08,0.00012095233414937713,-1.2555701732635498,-1.2560054063796997,True
batch2_128_255,5,7,"(5,7)",2,3.3159751892089844,7.104540824890137,0.2101214975118637,-0.0004445877275429666,-0.00044465065002441406,-6.292248144745827e-08,0.00014152995584291563,-1.2508175373077393,-1.2512621879577637,True
batch2_128_255,5,7,"(5,7)",3,3.2699460983276367,7.10469388961792,0.21016040444374084,-0.0004542695824056864,-0.00045430660247802734,-3.702007234096527e-08,8.149361915212809e-05,-1.245923638343811,-1.246377944946289,True
batch2_128_255,5,7,"(5,7)",4,3.2275283336639404,7.1026611328125,0.20999665558338165,-0.000461685995105654,-0.00046181678771972656,-1.3079261407256126e-07,0.00028329344069150325,-1.2420028448104858,-1.2424646615982056,True
batch2_128_255,6,7,"(6,7)",0,3.409497022628784,7.1135149002075195,0.3789442479610443,-0.0002045495784841478,-0.00020456314086914062,-1.3562384992837906e-08,6.630365651860273e-05,-2.5735175609588623,-2.5737221240997314,True
batch2_128_255,6,7,"(6,7)",1,3.3624961376190186,7.109094142913818,0.3745889961719513,-0.0002475842193234712,-0.00024771690368652344,-1.3268436305224895e-07,0.0005359160750019191,-2.531620740890503,-2.5318684577941895,True
batch2_128_255,6,7,"(6,7)",2,3.319765567779541,7.107670307159424,0.370919406414032,-0.0002850145974662155,-0.0002849102020263672,1.043954398483038e-07,0.00036628102832760495,-2.49630069732666,-2.4965856075286865,True
batch2_128_255,6,7,"(6,7)",3,3.2789411544799805,7.107086181640625,0.3671662509441376,-0.0003191694268025458,-0.00031948089599609375,-3.114691935479641e-07,0.0009758741514445072,-2.460310459136963,-2.460629940032959,True
batch2_128_255,6,7,"(6,7)",4,3.2410452365875244,7.111167907714844,0.36389410495758057,-0.000349155132425949,-0.0003490447998046875,1.1033262126147747e-07,0.0003159988527016068,-2.431001663208008,-2.4313507080078125,True
