batch,k,subset,n_pairs,spearman_first_vs_finite,sign_agreement,median_abs_error,max_abs_error,max_relative_error_finite_denominator
batch1_0_127,0,positive,28,0.9999999999999998,1.0,3.609457053244114e-07,8.952338248491287e-07,0.0003308399922188304
batch1_0_127,0,nonpositive,0,,,,,
batch1_0_127,1,positive,28,0.9999999999999998,1.0,2.7223723009228706e-07,7.317867130041122e-07,0.0003026911186985868
batch1_0_127,1,nonpositive,0,,,,,
batch1_0_127,2,positive,28,0.9999999999999998,1.0,2.0064180716872215e-07,3.8533471524715424e-07,0.0002273914425872093
batch1_0_127,2,nonpositive,0,,,,,
batch1_0_127,3,positive,28,0.9999999999999998,1.0,1.6516423784196377e-07,4.6798959374427795e-07,0.000255746976647206
batch1_0_127,3,nonpositive,0,,,,,
batch1_0_127,4,positive,28,0.9999999999999998,1.0,1.292792148888111e-07,3.9476435631513596e-07,0.0002720300129261593
batch1_0_127,4,nonpositive,0,,,,,
batch1_0_127,5,positive,28,0.9999999999999998,1.0,1.176958903670311e-07,3.664754331111908e-07,0.0002657519666320885
batch1_0_127,5,nonpositive,0,,,,,
batch1_0_127,6,positive,28,0.9999999999999998,1.0,1.1452357284724712e-07,2.952292561531067e-07,0.0003007166631953345
batch1_0_127,6,nonpositive,0,,,,,
batch1_0_127,7,positive,28,0.9999999999999998,1.0,7.209018804132938e-08,1.9522849470376968e-07,0.0002459371245682535
batch1_0_127,7,nonpositive,0,,,,,
batch1_0_127,8,positive,28,0.9999999999999998,1.0,8.181086741387844e-08,2.1245796233415604e-07,0.00023163849265661556
batch1_0_127,8,nonpositive,0,,,,,
batch1_0_127,9,positive,28,0.9999999999999998,1.0,7.316702976822853e-08,2.1792948246002197e-07,0.0002651430707091901
batch1_0_127,9,nonpositive,0,,,,,
batch1_0_127,10,positive,28,0.9994526546250683,1.0,5.960464477539063e-08,1.6367994248867035e-07,0.0002313714734934622
batch1_0_127,10,nonpositive,0,,,,,
batch1_0_127,11,positive,28,0.9999999999999998,1.0,4.912726581096649e-08,1.9534491002559662e-07,0.00026330763807381325
batch1_0_127,11,nonpositive,0,,,,,
batch1_0_127,12,positive,28,0.9998631542928933,1.0,6.690970622003078e-08,2.2124731913208961e-07,0.00038234824802991314
batch1_0_127,12,nonpositive,0,,,,,
batch1_0_127,13,positive,28,0.9999999999999998,1.0,4.422327037900686e-08,1.6961712390184402e-07,0.0011763402798396674
batch1_0_127,13,nonpositive,0,,,,,
batch1_0_127,14,positive,27,0.9999999999999999,1.0,7.28050508769229e-08,1.9249273464083672e-07,0.002880816189747936
batch1_0_127,14,nonpositive,1,,1.0,2.006709109991789e-08,2.006709109991789e-08,0.00023877299423758866
batch1_0_127,15,positive,26,0.9999999999999999,1.0,7.214839570224285e-08,2.521555870771408e-07,0.0008151268774224806
batch1_0_127,15,nonpositive,2,,1.0,1.0726398613769561e-07,1.283187884837389e-07,0.0014277888427011351
batch1_0_127,16,positive,26,0.9999999999999999,1.0,8.067581802606583e-08,1.7791171558201313e-07,0.006983164194467905
batch1_0_127,16,nonpositive,2,,1.0,9.185168892145157e-08,1.0014628060162067e-07,0.0006360505756578947
batch1_0_127,17,positive,23,1.0,1.0,4.816683940589428e-08,1.8953869584947824e-07,0.005282278472799004
batch1_0_127,17,nonpositive,5,0.9999999999999999,1.0,7.25631252862513e-08,1.4902616385370493e-07,0.0018170378928960755
batch1_0_127,18,positive,22,1.0,1.0,6.139453034847975e-08,1.3958197087049484e-07,0.0021019319517422566
batch1_0_127,18,nonpositive,6,1.0,1.0,1.1134761734865606e-07,1.8092396203428507e-07,0.0024962174265008223
batch1_0_127,19,positive,21,1.0,1.0,6.293703336268663e-08,2.6135239750146866e-07,0.01444229425168505
batch1_0_127,19,nonpositive,7,1.0,1.0,7.065136742312461e-08,2.0299921743571758e-07,0.01743137135225184
batch1_0_127,20,positive,19,1.0,1.0,5.884794518351555e-08,2.233136910945177e-07,0.0009338065905448718
batch1_0_127,20,nonpositive,9,1.0,1.0,6.55418261885643e-08,2.066371962428093e-07,0.0021013890448536962
batch1_0_127,21,positive,19,1.0,1.0,4.0512531995773315e-08,2.0446896087378263e-07,0.0016239511897339983
batch1_0_127,21,nonpositive,9,1.0,1.0,1.2171221897006035e-07,1.885928213596344e-07,0.0011379525245574266
batch1_0_127,22,positive,19,1.0,1.0,5.931360647082329e-08,1.8638093024492264e-07,0.001853104632216015
batch1_0_127,22,nonpositive,9,1.0,1.0,4.6886270865797997e-08,1.7751881387084723e-07,0.0008489941517602623
batch1_0_127,23,positive,17,1.0,1.0,4.5271008275449276e-08,1.9111757865175605e-07,0.013990222283129423
batch1_0_127,23,nonpositive,11,1.0,1.0,8.259667083621025e-08,3.100140020251274e-07,0.013408943458839698
batch1_0_127,24,positive,13,1.0,1.0,2.971501089632511e-08,1.6088597476482391e-07,0.014243861607142857
batch1_0_127,24,nonpositive,15,1.0,1.0,8.122879080474377e-08,3.3224932849407196e-07,0.006965286063349895
batch1_0_127,25,positive,10,0.9999999999999999,1.0,3.9828591980040073e-08,1.7177080735564232e-07,0.0008446587456597222
batch1_0_127,25,nonpositive,18,1.0,1.0,8.000642992556095e-08,7.178168743848801e-07,0.007610650231995558
batch1_0_127,26,positive,9,1.0,1.0,7.126800483092666e-08,2.731976564973593e-07,0.0013816735263546137
batch1_0_127,26,nonpositive,19,1.0,1.0,7.036032911855727e-08,7.71484337747097e-07,0.00627899169921875
batch1_0_127,27,positive,9,1.0,1.0,6.060872692614794e-08,1.5485056792385876e-07,0.0031376345721995775
batch1_0_127,27,nonpositive,19,1.0,1.0,8.51214281283319e-08,2.1600862964987755e-07,0.0024537043784981344
batch1_0_127,28,positive,9,1.0,1.0,3.344757715240121e-08,2.0337756723165512e-07,0.001493623759522855
batch1_0_127,28,nonpositive,19,1.0,1.0,6.618211045861244e-08,4.016328603029251e-07,0.0011281352528911123
batch1_0_127,29,positive,8,1.0,1.0,3.7996869650669396e-08,2.4770270101726055e-07,0.0017634605293843284
batch1_0_127,29,nonpositive,20,1.0,1.0,6.916889105923474e-08,5.792826414108276e-07,0.024934614026868664
batch1_0_127,30,positive,8,1.0,1.0,3.607601684052497e-08,1.0331132216379046e-07,0.009419980256453804
batch1_0_127,30,nonpositive,20,0.9984962406015038,1.0,7.805647328495979e-08,3.466848284006119e-07,0.003799014621310764
batch1_0_127,31,positive,6,1.0,1.0,1.8336322682444006e-08,1.8782156985253096e-07,0.001585071955168511
batch1_0_127,31,nonpositive,22,1.0,1.0,5.6505086831748486e-08,6.440095603466034e-07,0.008613268534342447
batch1_0_127,32,positive,6,1.0,1.0,7.01311364537105e-08,3.8256985135376453e-07,0.004932094264674831
batch1_0_127,32,nonpositive,22,1.0,1.0,1.1147676559630781e-07,3.1315721571445465e-07,0.0027064190009715027
batch1_0_127,33,positive,5,0.9999999999999999,1.0,1.064981915988028e-07,1.8198625184595585e-07,0.0024747135236322716
batch1_0_127,33,nonpositive,23,1.0,1.0,5.699985194951296e-08,4.1886232793331146e-07,0.01006004137870593
batch1_0_127,34,positive,5,0.9999999999999999,1.0,2.9467628337442875e-08,2.2360472939908504e-07,0.0010609115142167383
batch1_0_127,34,nonpositive,23,1.0,1.0,6.816117092967033e-08,4.961621016263962e-07,0.00663745676288168
batch1_0_127,35,positive,5,0.9999999999999999,1.0,9.161294656223617e-08,1.853040885180235e-07,0.01200789213180542
batch1_0_127,35,nonpositive,23,1.0,1.0,4.854518920183182e-08,4.3259933590888977e-07,0.0004284099983314264
batch1_0_127,36,positive,4,1.0,1.0,1.0207895684288815e-07,1.7645652405917645e-07,0.002853356962867206
batch1_0_127,36,nonpositive,24,0.9999999999999999,1.0,6.472419045167044e-08,5.944166332483292e-07,0.0019707375384391624
batch1_0_127,37,positive,4,1.0,1.0,8.765709935687482e-08,2.3122993297874928e-07,0.0018560307105179028
batch1_0_127,37,nonpositive,24,0.9999999999999999,1.0,6.881600711494684e-08,7.676426321268082e-07,0.0009415518941204589
batch1_0_127,38,positive,4,1.0,1.0,7.504149834858254e-08,1.6955891624093056e-07,0.0017240142822265625
batch1_0_127,38,nonpositive,24,0.9999999999999999,1.0,8.792267180979252e-08,5.455221980810165e-07,0.0009364678607723578
batch1_0_127,39,positive,4,1.0,1.0,6.890786607982591e-08,2.962769940495491e-07,0.0028536693159356176
batch1_0_127,39,nonpositive,24,0.9999999999999999,1.0,7.904600352048874e-08,4.2817555367946625e-07,0.0011356898716517857
batch2_128_255,0,positive,28,0.9999999999999998,1.0,2.742744982242584e-07,7.760245352983475e-07,0.00028891201957216404
batch2_128_255,0,nonpositive,0,,,,,
batch2_128_255,1,positive,28,0.9999999999999998,1.0,2.3958273231983185e-07,6.423797458410263e-07,0.00027692307692307695
batch2_128_255,1,nonpositive,0,,,,,
batch2_128_255,2,positive,28,0.9999999999999998,1.0,1.5861587598919868e-07,7.043126970529556e-07,0.00031066374618782207
batch2_128_255,2,nonpositive,0,,,,,
batch2_128_255,3,positive,28,0.9999999999999998,1.0,1.7683487385511398e-07,4.416797310113907e-07,0.00024279673165137616
batch2_128_255,3,nonpositive,0,,,,,
batch2_128_255,4,positive,28,0.9999999999999998,1.0,1.512817107141018e-07,3.691529855132103e-07,0.0002059659090909091
batch2_128_255,4,nonpositive,0,,,,,
batch2_128_255,5,positive,28,0.9999999999999998,1.0,1.4068791642785072e-07,3.555323928594589e-07,0.00023949831758304695
batch2_128_255,5,nonpositive,0,,,,,
batch2_128_255,6,positive,28,0.9999999999999998,1.0,1.1618249118328094e-07,3.062887117266655e-07,0.0002536736944055332
batch2_128_255,6,nonpositive,0,,,,,
batch2_128_255,7,positive,28,0.9999999999999998,1.0,5.3230905905365944e-08,3.648456186056137e-07,0.00030389701866746104
batch2_128_255,7,nonpositive,0,,,,,
batch2_128_255,8,positive,28,0.9999999999999998,1.0,6.039044819772243e-08,2.6996713131666183e-07,0.00029958648122710625
batch2_128_255,8,nonpositive,0,,,,,
batch2_128_255,9,positive,28,0.9999999999999998,1.0,5.541369318962097e-08,2.962769940495491e-07,0.00023382741203311694
batch2_128_255,9,nonpositive,0,,,,,
batch2_128_255,10,positive,28,0.9999999999999998,1.0,5.998299457132816e-08,3.700843080878258e-07,0.00030933561055201275
batch2_128_255,10,nonpositive,0,,,,,
batch2_128_255,11,positive,28,0.9999999999999998,1.0,7.048947736620903e-08,2.2916356101632118e-07,0.00031967941301473365
batch2_128_255,11,nonpositive,0,,,,,
batch2_128_255,12,positive,28,0.9999999999999998,1.0,5.681067705154419e-08,1.807347871363163e-07,0.00027275762935117213
batch2_128_255,12,nonpositive,0,,,,,
batch2_128_255,13,positive,28,0.9999999999999998,1.0,5.766196409240365e-08,2.8318027034401894e-07,0.0005979079489680342
batch2_128_255,13,nonpositive,0,,,,,
batch2_128_255,14,positive,28,0.9998631542928933,1.0,4.829780664294958e-08,2.0986772142350674e-07,0.0005331611286720169
batch2_128_255,14,nonpositive,0,,,,,
batch2_128_255,15,positive,28,0.9999999999999998,1.0,4.532193997874856e-08,1.3312092050909996e-07,0.0007807245317673841
batch2_128_255,15,nonpositive,0,,,,,
batch2_128_255,16,positive,27,0.9999999999999999,1.0,6.548361852765083e-08,2.4586915969848633e-07,0.004798984527587891
batch2_128_255,16,nonpositive,1,,1.0,4.92545950692147e-08,4.92545950692147e-08,0.001157359916622899
batch2_128_255,17,positive,26,0.9998290452162907,1.0,6.059417501091957e-08,2.362648956477642e-07,0.005489877554086539
batch2_128_255,17,nonpositive,2,,1.0,3.925379132851958e-08,7.33562046661973e-08,0.0004964553814542154
batch2_128_255,18,positive,24,0.9999999999999999,1.0,5.948822945356369e-08,1.577718649059534e-07,0.0024272373744419645
batch2_128_255,18,nonpositive,4,1.0,1.0,4.050161805935204e-08,1.0886287782341242e-07,0.0008455629701967593
batch2_128_255,19,positive,22,1.0,1.0,3.306922735646367e-08,2.0308652892708778e-07,0.0036531509891633064
batch2_128_255,19,nonpositive,6,1.0,1.0,5.002129910280928e-08,1.4874967746436596e-07,0.001967813680460165
batch2_128_255,20,positive,21,1.0,1.0,3.344212018419057e-08,1.1926749721169472e-07,0.0016276041666666667
batch2_128_255,20,nonpositive,7,1.0,1.0,2.112665242748335e-08,1.8387800082564354e-07,0.0016038299146281109
batch2_128_255,21,positive,21,1.0,1.0,5.5460986914113164e-08,1.7983256839215755e-07,0.009028266457950367
batch2_128_255,21,nonpositive,7,1.0,1.0,3.476452548056841e-08,1.2182863429188728e-07,0.0007721225541413374
batch2_128_255,22,positive,20,1.0,1.0,8.111783245112747e-08,1.9984145183116198e-07,0.004837783066542832
batch2_128_255,22,nonpositive,8,1.0,1.0,7.705239113420248e-08,2.115557435899973e-07,0.002365991083115183
batch2_128_255,23,positive,18,1.0,1.0,6.890695658512414e-08,1.9754224922508001e-07,0.0014280687520736562
batch2_128_255,23,nonpositive,10,0.9999999999999999,1.0,5.287324711389374e-08,1.653679646551609e-07,0.007066686102684508
batch2_128_255,24,positive,16,1.0,1.0,4.31537046097219e-08,2.1568848751485348e-07,0.002366675400152439
batch2_128_255,24,nonpositive,12,1.0,1.0,6.740083335898817e-08,2.1973391994833946e-07,0.004708818394503147
batch2_128_255,25,positive,16,1.0,1.0,5.5526470532640815e-08,1.680091372691095e-07,0.0022953791416429154
batch2_128_255,25,nonpositive,12,1.0,1.0,3.3691321732476354e-08,1.666485331952572e-07,0.0007941049628450107
batch2_128_255,26,positive,15,1.0,1.0,4.1134626371786e-08,1.3646786101162434e-07,0.01764392852783203
batch2_128_255,26,nonpositive,13,1.0,1.0,7.363269105553627e-08,3.6562323657562956e-07,0.02396148443222046
batch2_128_255,27,positive,12,1.0,1.0,8.31460056360811e-08,1.589141902513802e-07,0.010142158059512867
batch2_128_255,27,nonpositive,16,1.0,1.0,6.430491339415312e-08,2.7205896913073957e-07,0.007314730913211138
batch2_128_255,28,positive,10,0.9999999999999999,1.0,9.313498594565317e-08,1.6643025446683168e-07,0.007199208670799886
batch2_128_255,28,nonpositive,18,1.0,1.0,4.1596649680286646e-08,1.6609646991128102e-07,0.015833161093971947
batch2_128_255,29,positive,9,1.0,1.0,2.387241693213582e-08,9.704672265797853e-08,0.0019382338926016566
batch2_128_255,29,nonpositive,19,1.0,1.0,7.7787262853235e-08,3.5832636058330536e-07,0.052867889404296875
batch2_128_255,30,positive,7,1.0,1.0,3.4862750908359885e-08,1.8111313693225384e-07,0.001826044338852612
batch2_128_255,30,nonpositive,21,1.0,1.0,6.184563972055912e-08,2.784508978947997e-07,0.022605664802320076
batch2_128_255,31,positive,6,1.0,1.0,3.686363925226033e-08,1.6560079529881477e-07,0.0014209833880956884
batch2_128_255,31,nonpositive,22,1.0,1.0,7.126072887331247e-08,3.2258685678243637e-07,0.006893527123235887
batch2_128_255,32,positive,6,1.0,1.0,7.297057891264558e-08,1.6145349945873022e-07,0.0025695708443645993
batch2_128_255,32,nonpositive,22,1.0,1.0,5.2892573876306415e-08,3.7922291085124016e-07,0.0028220728824013158
batch2_128_255,33,positive,6,1.0,1.0,7.222479325719178e-08,2.865854185074568e-07,0.0024996539739173228
batch2_128_255,33,nonpositive,22,1.0,1.0,5.774927558377385e-08,2.6437919586896896e-07,0.0016204289027622768
batch2_128_255,34,positive,6,1.0,1.0,7.997732609510422e-08,3.501772880554199e-07,0.0022931303669008586
batch2_128_255,34,nonpositive,22,1.0,1.0,1.0477378964424133e-07,3.5011908039450645e-07,0.003347518596243351
batch2_128_255,35,positive,6,1.0,1.0,6.30861904937774e-08,1.1190422810614109e-07,0.002698608873419261
batch2_128_255,35,nonpositive,22,1.0,1.0,6.978370947763324e-08,2.745073288679123e-07,0.0010815901952796467
batch2_128_255,36,positive,6,1.0,1.0,3.478999133221805e-08,5.6461431086063385e-08,0.0015999335070925767
batch2_128_255,36,nonpositive,22,1.0,1.0,5.707261152565479e-08,3.3923424780368805e-07,0.004172173099241395
batch2_128_255,37,positive,6,1.0,1.0,7.184280548244715e-08,3.737077349796891e-07,0.004235861957937047
batch2_128_255,37,nonpositive,22,1.0,1.0,6.648770067840815e-08,3.5105040296912193e-07,0.001105549623482254
batch2_128_255,38,positive,6,1.0,1.0,3.223249223083258e-08,1.4549004845321178e-07,0.0062720005049904945
batch2_128_255,38,nonpositive,22,1.0,1.0,8.034112397581339e-08,6.963964551687241e-07,0.0032104007781498015
batch2_128_255,39,positive,6,1.0,1.0,9.637005859985948e-08,1.960142981261015e-07,0.0073153772086740655
batch2_128_255,39,nonpositive,22,1.0,1.0,7.843482308089733e-08,4.959292709827423e-07,0.0016728239239386792
