batch,pair_i,pair_j,pair,contains_7,event_observed,first_nonpositive_k,right_censored,censor_at,first_at_W,finite_at_W,first_at_W_minus_1,finite_at_W_minus_1,pair_delta_theta_cum_pre_at_end,full_delta_theta_cum_pre_at_end,pair_delta_theta_cum_post_at_end,full_delta_theta_cum_post_at_end,pair_delta_theta_step_last,full_delta_theta_step_last,pair_theta_path_length_end,full_theta_path_length_end,loss_at_k39
batch1_0_127,0,1,"(0, 1)",0,1,24.0,0,,-1.9792345483438112e-05,-1.9788742065429688e-05,2.3048372895573266e-05,2.300739288330078e-05,0.0635727047920227,0.37501150369644165,0.06478020548820496,0.38049766421318054,0.0013705786550417542,0.006286339834332466,0.07068222668021917,0.40773860923945904,3.542707920074463
batch1_0_127,0,2,"(0, 2)",0,1,31.0,0,,-4.328498562244931e-06,-4.291534423828125e-06,1.0863943316508085e-05,1.0967254638671875e-05,0.06834088265895844,0.37591952085494995,0.06987974792718887,0.38204044103622437,0.0017307032831013203,0.007219553459435701,0.07626817608252168,0.4177545262500644,3.931547164916992
batch1_0_127,0,3,"(0, 3)",0,1,25.0,0,,-2.8681444746325724e-05,-2.872943878173828e-05,2.115877578034997e-06,2.086162567138672e-06,0.06977270543575287,0.3672737181186676,0.07132096588611603,0.3734993636608124,0.001771779847331345,0.007339338306337595,0.07814093201886863,0.41021312633529305,3.9948179721832275
batch1_0_127,0,4,"(0, 4)",0,1,23.0,0,,-1.2550256542454008e-05,-1.2576580047607422e-05,3.206700785085559e-05,3.2007694244384766e-05,0.07039374858140945,0.37789493799209595,0.07196873426437378,0.3838695287704468,0.0017575635574758053,0.006966077722609043,0.07915437000337988,0.41935177985578775,3.843594789505005
batch1_0_127,0,5,"(0, 5)",0,1,25.0,0,,-1.1652749890345149e-05,-1.1742115020751953e-05,1.2421294741216116e-05,1.239776611328125e-05,0.06850703060626984,0.37942835688591003,0.06980842351913452,0.38518181443214417,0.0014863323885947466,0.006729925982654095,0.07658125017769635,0.4218456381931901,3.6893858909606934
batch1_0_127,0,6,"(0, 6)",0,0,,1,40.0,,,,,0.06844441592693329,0.37391048669815063,0.06997201591730118,0.3799605965614319,0.0017400974174961448,0.006966057699173689,0.0770942362723872,0.41206149850040674,3.8243632316589355
batch1_0_127,0,7,"(0, 7)",1,1,19.0,0,,-3.982464477303438e-06,-4.0531158447265625e-06,4.032700599054806e-05,4.0411949157714844e-05,0.06795419752597809,0.3653636574745178,0.06945697963237762,0.3712472915649414,0.0016705032903701067,0.006872132886201143,0.07632105506490916,0.40787456976249814,3.821533679962158
batch1_0_127,1,2,"(1, 2)",0,1,23.0,0,,-1.2701968444162048e-05,-1.2874603271484375e-05,6.706501881126314e-05,6.699562072753906e-05,0.061255231499671936,0.38760608434677124,0.062439292669296265,0.392710417509079,0.0013576499186456203,0.0061409249901771545,0.06892537116073072,0.4256234485656023,3.536665439605713
batch1_0_127,1,3,"(1, 3)",0,1,24.0,0,,-8.030502067413181e-05,-8.046627044677734e-05,6.406483862519963e-06,6.318092346191406e-06,0.060345280915498734,0.384235680103302,0.0614851750433445,0.38940924406051636,0.00131357298232615,0.006181203294545412,0.06824617914389819,0.4221713040024042,3.5398902893066406
batch1_0_127,1,4,"(1, 4)",0,1,18.0,0,,-7.229832408484071e-05,-7.2479248046875e-05,3.6071534850634634e-05,3.5881996154785156e-05,0.062347471714019775,0.3868451416492462,0.06350918859243393,0.3918623626232147,0.0013122305972501636,0.005885135382413864,0.07068770285695791,0.4251875728368759,3.467087507247925
batch1_0_127,1,5,"(1, 5)",0,1,20.0,0,,-5.7932928029913455e-05,-5.805492401123047e-05,1.13920232251985e-05,1.1444091796875e-05,0.05972670018672943,0.38179469108581543,0.06079593300819397,0.38644930720329285,0.0011964107397943735,0.005519096273928881,0.0670858551748097,0.4182109562680125,3.3899152278900146
batch1_0_127,1,6,"(1, 6)",0,1,25.0,0,,-1.8232634829473682e-05,-1.8358230590820312e-05,2.0483261323533952e-05,2.0503997802734375e-05,0.05835014581680298,0.38494524359703064,0.0594201534986496,0.3896767795085907,0.0012532862601801753,0.00561784440651536,0.0673840349772945,0.41987480130046606,3.412625312805176
batch1_0_127,1,7,"(1, 7)",1,1,20.0,0,,-3.205760367563926e-05,-3.2067298889160156e-05,5.991869329591282e-06,6.079673767089844e-06,0.06030958518385887,0.37423232197761536,0.06142456829547882,0.3793330490589142,0.001271341578103602,0.005957468878477812,0.0680977018782869,0.41298348968848586,3.473923444747925
batch1_0_127,2,3,"(2, 3)",0,1,36.0,0,,-2.2455513317254372e-05,-2.2411346435546875e-05,7.537781584687764e-06,7.62939453125e-06,0.06922083348035812,0.37764444947242737,0.07082546502351761,0.3839111030101776,0.001836935756728053,0.007524723187088966,0.07747318630572408,0.4249336263164878,4.000295162200928
batch1_0_127,2,4,"(2, 4)",0,0,,1,40.0,,,,,0.07417501509189606,0.3874138593673706,0.07591830939054489,0.3939419686794281,0.0019242330454289913,0.007618915755301714,0.08190614182967693,0.43137472542002797,3.9699528217315674
batch1_0_127,2,5,"(2, 5)",0,1,31.0,0,,-1.2359293577901553e-05,-1.233816146850586e-05,2.6780289772432297e-06,2.682209014892578e-06,0.06362701207399368,0.4025895297527313,0.06478006392717361,0.4075884521007538,0.0013614821946248412,0.006187540479004383,0.07265784789342433,0.4497561436146498,3.5330684185028076
batch1_0_127,2,6,"(2, 6)",0,1,26.0,0,,-1.113531288865488e-05,-1.1205673217773438e-05,1.6106847397168167e-05,1.609325408935547e-05,0.07396744936704636,0.37901049852371216,0.07567765563726425,0.3853462040424347,0.001892424887046218,0.007352448534220457,0.08202785986941308,0.4231907445937395,3.903049945831299
batch1_0_127,2,7,"(2, 7)",1,1,17.0,0,,-8.18669650470838e-05,-8.20159912109375e-05,0.0001088862118194811,0.0001087188720703125,0.07554377615451813,0.37797945737838745,0.07731455564498901,0.38380470871925354,0.001970976358279586,0.006956377066671848,0.08549306227359921,0.42894103983417153,3.8138844966888428
batch1_0_127,3,4,"(3, 4)",0,0,,1,40.0,,,,,0.06963937729597092,0.3842679560184479,0.07118888944387436,0.3903079032897949,0.001741806510835886,0.007141883950680494,0.07797762227710336,0.42849466670304537,3.8774492740631104
batch1_0_127,3,5,"(3, 5)",0,1,24.0,0,,-7.073143024172168e-06,-7.12275505065918e-06,1.2013290870527271e-05,1.2010335922241211e-05,0.06449557095766068,0.3900178074836731,0.06572122126817703,0.3955886662006378,0.0014671896351501346,0.006708880420774221,0.07361451897304505,0.43633387004956603,3.679507255554199
batch1_0_127,3,6,"(3, 6)",0,1,24.0,0,,-2.2591246306546964e-05,-2.2590160369873047e-05,3.884217221639119e-06,3.874301910400391e-06,0.07081956416368484,0.3737207353115082,0.07242684811353683,0.37997666001319885,0.0018089954974129796,0.007285493426024914,0.07931278995238245,0.41740658413618803,3.9360218048095703
batch1_0_127,3,7,"(3, 7)",1,1,17.0,0,,-6.239310459932312e-05,-6.246566772460938e-05,5.2116414735792205e-05,5.2094459533691406e-05,0.07170752435922623,0.3706505596637726,0.07337459921836853,0.3765559792518616,0.001866643433459103,0.006983056198805571,0.08085436862893403,0.417463521938771,3.8553128242492676
batch1_0_127,4,5,"(4, 5)",0,1,33.0,0,,-2.347966528759571e-06,-2.3245811462402344e-06,4.432497917150613e-06,4.410743713378906e-06,0.06587886065244675,0.4002721607685089,0.06705483049154282,0.4054205119609833,0.0013835860881954432,0.006117434240877628,0.07519821857567877,0.4430043017491698,3.495417594909668
batch1_0_127,4,6,"(4, 6)",0,1,29.0,0,,-4.300763521314366e-06,-4.410743713378906e-06,2.2061332856537774e-05,2.205371856689453e-05,0.07219042629003525,0.3909282386302948,0.07372688502073288,0.39685869216918945,0.001704896567389369,0.0068547348491847515,0.08037607208825648,0.4311376977711916,3.7389588356018066
batch1_0_127,4,7,"(4, 7)",1,1,14.0,0,,-8.40626162244007e-05,-8.404254913330078e-05,2.5123074010480195e-05,2.5093555450439453e-05,0.07612404972314835,0.3717586398124695,0.07790783792734146,0.37756258249282837,0.0019466483499854803,0.006797236856073141,0.08540866256225854,0.4187679919414222,3.772480010986328
batch1_0_127,5,6,"(5, 6)",0,0,,1,40.0,,,,,0.06340046226978302,0.39381179213523865,0.06452441215515137,0.39871689677238464,0.0013654697686433792,0.005884264595806599,0.07315698789898306,0.4353112392127514,3.448637008666992
batch1_0_127,5,7,"(5, 7)",1,1,15.0,0,,-6.029329597367905e-05,-6.03795051574707e-05,2.5345174435642548e-05,2.5272369384765625e-05,0.07056878507137299,0.38112738728523254,0.07194282859563828,0.3864870071411133,0.0015202322974801064,0.006341664120554924,0.07940338656771928,0.42765715532004833,3.5666956901550293
batch1_0_127,6,7,"(6, 7)",1,1,17.0,0,,-5.2674979087896645e-05,-5.269050598144531e-05,4.379942765808664e-06,4.410743713378906e-06,0.07368957251310349,0.3721192479133606,0.07530058920383453,0.37758809328079224,0.0017810524441301823,0.006499753799289465,0.08259472460485995,0.4165581879206002,3.6869254112243652
batch2_128_255,0,1,"(0, 1)",0,0,,1,40.0,,,,,0.06441136449575424,0.3742106854915619,0.0658116415143013,0.38078930974006653,0.0015863077715039253,0.007367353420704603,0.07166956877335906,0.40755521366372705,3.7699618339538574
batch2_128_255,0,2,"(0, 2)",0,1,30.0,0,,-2.6663408789318055e-05,-2.658367156982422e-05,3.359476977493614e-05,3.361701965332031e-05,0.06731148064136505,0.3705342710018158,0.0689118504524231,0.377027690410614,0.0018092681420966983,0.007777186576277018,0.07561411859933287,0.4197223004885018,4.088700294494629
batch2_128_255,0,3,"(0, 3)",0,0,,1,40.0,,,,,0.0711931437253952,0.36761772632598877,0.07290972024202347,0.37453168630599976,0.0019796809647232294,0.00797375850379467,0.07953610678669065,0.4064501179382205,4.239020824432373
batch2_128_255,0,4,"(0, 4)",0,1,31.0,0,,-1.1010039088432677e-05,-1.1086463928222656e-05,5.2398236221051775e-06,5.245208740234375e-06,0.06977017968893051,0.3807436525821686,0.07139844447374344,0.3872775733470917,0.0018367687007412314,0.007502684369683266,0.07839610707014799,0.4208510210737586,3.9962642192840576
batch2_128_255,0,5,"(0, 5)",0,0,,1,40.0,,,,,0.0683840960264206,0.3809172809123993,0.06980152428150177,0.387450635433197,0.0016138500068336725,0.007449701894074678,0.07627821690402925,0.4215165236964822,3.8673782348632812
batch2_128_255,0,6,"(0, 6)",0,0,,1,40.0,,,,,0.06896043568849564,0.3675660490989685,0.07059797644615173,0.3742911219596863,0.0018764546839520335,0.007701135706156492,0.07716559525579214,0.4049268630333245,4.0883331298828125
batch2_128_255,0,7,"(0, 7)",1,1,24.0,0,,-3.329833270981908e-05,-3.337860107421875e-05,2.144948666682467e-06,2.1457672119140625e-06,0.06896664202213287,0.36970946192741394,0.07054786384105682,0.37630340456962585,0.0017786569660529494,0.0076162745244801044,0.07709178887307644,0.41011895844712853,4.009985446929932
batch2_128_255,1,2,"(1, 2)",0,1,27.0,0,,-1.695598075457383e-05,-1.704692840576172e-05,2.4202225176850334e-05,2.4199485778808594e-05,0.061892349272966385,0.38415634632110596,0.06321537494659424,0.3901383876800537,0.001497749937698245,0.0071060629561543465,0.06956622202415019,0.427128495182842,3.711336135864258
batch2_128_255,1,3,"(1, 3)",0,1,28.0,0,,-1.0324321010557469e-05,-1.049041748046875e-05,1.2282669558771886e-05,1.2159347534179688e-05,0.06210307031869888,0.3832685351371765,0.0634368509054184,0.38965892791748047,0.0015338209923356771,0.00737497303634882,0.06987418746575713,0.41959521220996976,3.7635128498077393
batch2_128_255,1,4,"(1, 4)",0,1,18.0,0,,-3.6407313018571585e-05,-3.641843795776367e-05,3.10289251501672e-05,3.0994415283203125e-05,0.06321683526039124,0.39113447070121765,0.06449387967586517,0.39700087904930115,0.001464333152398467,0.006705863401293755,0.07186917623039335,0.4274485083296895,3.582514762878418
batch2_128_255,1,5,"(1, 5)",0,1,20.0,0,,-1.3151499842933845e-05,-1.3172626495361328e-05,9.272470379073638e-06,9.238719940185547e-06,0.05845668166875839,0.3815489709377289,0.05959388241171837,0.3868645429611206,0.001268714084289968,0.006170568056404591,0.06539170118048787,0.41635038144886494,3.520942449569702
batch2_128_255,1,6,"(1, 6)",0,1,29.0,0,,-2.9355805963859893e-06,-3.0994415283203125e-06,1.3087357729091309e-05,1.2993812561035156e-05,0.05958184972405434,0.3818257749080658,0.060814499855041504,0.38765770196914673,0.0014445496490225196,0.00673781568184495,0.06880129233468324,0.4183904966339469,3.5924134254455566
batch2_128_255,1,7,"(1, 7)",1,1,22.0,0,,-2.2822845494374633e-05,-2.276897430419922e-05,2.0448542272788472e-06,2.0265579223632812e-06,0.06071676313877106,0.3752967417240143,0.061913248151540756,0.3809342086315155,0.0013642518315464258,0.006515667773783207,0.0683003895683214,0.4121059509925544,3.589242935180664
batch2_128_255,2,3,"(2, 3)",0,1,27.0,0,,-3.692123937071301e-05,-3.719329833984375e-05,5.2986656555731315e-06,5.245208740234375e-06,0.07165923714637756,0.3778713047504425,0.07351570576429367,0.38431215286254883,0.0021167504601180553,0.00777501380071044,0.08121412037871778,0.4274462596513331,4.0478692054748535
batch2_128_255,2,4,"(2, 4)",0,1,26.0,0,,-1.489316582592437e-05,-1.52587890625e-05,5.218370642978698e-05,5.221366882324219e-05,0.0724480003118515,0.3883489966392517,0.07427621632814407,0.39464041590690613,0.0020660075824707747,0.007557026110589504,0.08195346721913666,0.4368709516711533,3.919544219970703
batch2_128_255,2,5,"(2, 5)",0,1,28.0,0,,-1.1941770935663953e-05,-1.1920928955078125e-05,1.168877770396648e-05,1.1682510375976562e-05,0.0685579851269722,0.3916000723838806,0.07000382244586945,0.39710038900375366,0.001605738652870059,0.006647921167314053,0.07742475694976747,0.4426644556224346,3.677720785140991
batch2_128_255,2,6,"(2, 6)",0,1,24.0,0,,-3.3296233596047387e-05,-3.314018249511719e-05,3.126607771264389e-05,3.123283386230469e-05,0.07406815141439438,0.37429994344711304,0.07600905746221542,0.38072216510772705,0.0021861805580556393,0.007674434222280979,0.0837337541161105,0.42187204863876104,4.018502712249756
batch2_128_255,2,7,"(2, 7)",1,1,18.0,0,,-0.00012885489559266716,-0.00012874603271484375,3.116457082796842e-05,3.0994415283203125e-05,0.07275840640068054,0.3803708851337433,0.07446721196174622,0.38624754548072815,0.001890599261969328,0.007103501819074154,0.08221614977810532,0.4311812212690711,3.8359904289245605
batch2_128_255,3,4,"(3, 4)",0,0,,1,40.0,,,,,0.07087725400924683,0.3842436373233795,0.07259330153465271,0.391223281621933,0.0019489320693537593,0.00814500916749239,0.07910070125944912,0.425615600310266,4.174271583557129
batch2_128_255,3,5,"(3, 5)",0,1,30.0,0,,-3.844977982225828e-06,-3.933906555175781e-06,9.603562830307055e-06,9.59634780883789e-06,0.06530402600765228,0.3887699544429779,0.06662994623184204,0.394978404045105,0.0016139517538249493,0.007362352684140205,0.07439969875849783,0.43163079721853137,3.873790740966797
batch2_128_255,3,6,"(3, 6)",0,1,23.0,0,,-5.6424300964863505e-06,-5.602836608886719e-06,2.1781039322377183e-05,2.1696090698242188e-05,0.07272477447986603,0.3640141189098358,0.07457558810710907,0.37095943093299866,0.0020700539462268353,0.008118960075080395,0.08059976331423968,0.4052546424791217,4.291625022888184
batch2_128_255,3,7,"(3, 7)",1,1,19.0,0,,-5.403251634561457e-05,-5.412101745605469e-05,3.345961886225268e-05,3.337860107421875e-05,0.07431527227163315,0.37000274658203125,0.0762103721499443,0.3768606185913086,0.0021460617426782846,0.008014020510017872,0.0838007228448987,0.41308029275387526,4.123012065887451
batch2_128_255,4,5,"(4, 5)",0,1,27.0,0,,-1.5514948245254345e-05,-1.5556812286376953e-05,1.6983765362965642e-06,1.6689300537109375e-06,0.06587523967027664,0.40271100401878357,0.06717149168252945,0.4084465503692627,0.0015520513989031315,0.006666789297014475,0.07636752945836633,0.4448539852164686,3.589993476867676
batch2_128_255,4,6,"(4, 6)",0,1,23.0,0,,-4.188838283880614e-05,-4.1961669921875e-05,1.712939774733968e-05,1.704692840576172e-05,0.07362032681703568,0.38577184081077576,0.07536634057760239,0.3926505148410797,0.001962831011041999,0.007935789413750172,0.08193494146689773,0.42751761246472597,3.947275400161743
batch2_128_255,4,7,"(4, 7)",1,1,16.0,0,,-4.250846177455969e-05,-4.2557716369628906e-05,3.7855519622098655e-05,3.784894943237305e-05,0.07814794778823853,0.38149282336235046,0.08013807237148285,0.38780710101127625,0.0022047993261367083,0.007394100539386272,0.08800593623891473,0.4239713759161532,3.8406434059143066
batch2_128_255,5,6,"(5, 6)",0,0,,1,40.0,,,,,0.06418980658054352,0.38934779167175293,0.06545791029930115,0.3949601650238037,0.0015354120405390859,0.0065927281975746155,0.07436474319547415,0.43061683839187026,3.624084949493408
batch2_128_255,5,7,"(5, 7)",1,1,17.0,0,,-3.46847518812865e-05,-3.4689903259277344e-05,9.490976481174584e-06,9.5367431640625e-06,0.0689859390258789,0.38607800006866455,0.07029979676008224,0.3917618691921234,0.0014864406548440456,0.006638836115598679,0.07725227321498096,0.42772265849635005,3.628599166870117
batch2_128_255,6,7,"(6, 7)",1,1,19.0,0,,-2.7066746042692102e-05,-2.7120113372802734e-05,3.026709600817412e-05,3.0279159545898438e-05,0.07315458357334137,0.3746682405471802,0.07483332604169846,0.3808814585208893,0.0018787547014653683,0.007317469920963049,0.08180218539200723,0.41725859604775906,3.8423399925231934
