state,batch,k,mu_norm_min,mu_norm_max,mu_norm_mean
theta3,batch1_0_127,0,8.241800308227539,8.241800308227539,8.241800308227539
theta3,batch1_0_127,1,8.023585319519043,8.154295921325684,8.072557210922241
theta3,batch1_0_127,2,7.820252895355225,8.048303604125977,7.908633232116699
theta3,batch1_0_127,3,7.628561496734619,7.947818279266357,7.7562039749962945
theta3,batch1_0_127,4,7.467582702636719,7.862843990325928,7.626683405467442
theta3,batch1_0_127,5,7.336535453796387,7.778902530670166,7.514372365815299
theta3,batch1_0_127,6,7.214075565338135,7.69272518157959,7.41734368460519
theta3,batch1_0_127,7,7.115682601928711,7.622645854949951,7.333538259778704
theta3,batch1_0_127,8,7.02522087097168,7.552313327789307,7.263491119657244
theta3,batch1_0_127,9,6.9402546882629395,7.519052505493164,7.2013762678418844
theta3,batch1_0_127,10,6.861802577972412,7.524057865142822,7.147093551499503
theta3,batch1_0_127,11,6.803930282592773,7.52894926071167,7.099275537899563
theta3,batch1_0_127,12,6.74594259262085,7.541633605957031,7.058369789804731
theta3,batch1_0_127,13,6.681061744689941,7.560786724090576,7.021151644842965
theta3,batch1_0_127,14,6.624411106109619,7.580492973327637,6.988499675478254
theta3,batch1_0_127,15,6.56961727142334,7.596546649932861,6.956943597112383
theta3,batch1_0_127,16,6.517066955566406,7.618309020996094,6.931415523801531
theta3,batch1_0_127,17,6.478747844696045,7.633522987365723,6.908687336104257
theta3,batch1_0_127,18,6.447110176086426,7.642282485961914,6.889055269105094
theta3,batch1_0_127,19,6.414426803588867,7.658166885375977,6.872607980455671
theta3,batch2_128_255,0,8.241800308227539,8.241800308227539,8.241800308227539
theta3,batch2_128_255,1,8.055741310119629,8.158296585083008,8.101978063583374
theta3,batch2_128_255,2,7.88627815246582,8.073775291442871,7.961610998426165
theta3,batch2_128_255,3,7.719070911407471,7.978213310241699,7.8247255597795755
theta3,batch2_128_255,4,7.578834056854248,7.881612777709961,7.700067673410688
theta3,batch2_128_255,5,7.45186185836792,7.795615196228027,7.584312779562814
theta3,batch2_128_255,6,7.340538501739502,7.714582443237305,7.480179633413043
theta3,batch2_128_255,7,7.2391510009765625,7.6380615234375,7.384393436568124
theta3,batch2_128_255,8,7.146091938018799,7.549380302429199,7.297182151249477
theta3,batch2_128_255,9,7.056020736694336,7.476489067077637,7.2188980749675205
theta3,batch2_128_255,10,6.981142520904541,7.409191131591797,7.150366101946149
theta3,batch2_128_255,11,6.903605937957764,7.3643388748168945,7.089076314653669
theta3,batch2_128_255,12,6.831725597381592,7.331202983856201,7.0359223910740445
theta3,batch2_128_255,13,6.768600940704346,7.304256439208984,6.988818849836077
theta3,batch2_128_255,14,6.710287094116211,7.280765056610107,6.947863255228315
theta3,batch2_128_255,15,6.660400390625,7.2573723793029785,6.913832596370152
theta3,batch2_128_255,16,6.6166205406188965,7.264022350311279,6.8848099538258145
theta3,batch2_128_255,17,6.583633899688721,7.279239654541016,6.86313681943076
theta3,batch2_128_255,18,6.537611961364746,7.294007301330566,6.847274150167193
theta3,batch2_128_255,19,6.500549793243408,7.307201385498047,6.836266602788653
