state,batch,k,rho_pair,sign_agreement_pairs,n_pairs,sign_agreement_fraction,median_relative_abs_error,max_relative_abs_error
theta3,batch1_0_127,0,0.9999999999999998,28,28,1.0,0.0001877373829323351,0.00036135841747976505
theta3,batch1_0_127,1,0.9999999999999998,28,28,1.0,0.00015197348673346768,0.00028341393055041525
theta3,batch1_0_127,2,0.9994526546250683,28,28,1.0,0.00011301194403996387,0.0003435563069072488
theta3,batch1_0_127,3,0.9999999999999998,28,28,1.0,0.00011092783907535139,0.0003896155112348295
theta3,batch1_0_127,4,0.9999999999999998,28,28,1.0,0.00012389674743314242,0.00034968526413568286
theta3,batch1_0_127,5,0.9999999999999998,28,28,1.0,9.713044690953646e-05,0.00033076495498788466
theta3,batch1_0_127,6,0.9999999999999998,28,28,1.0,9.870882237942165e-05,0.000251237782498871
theta3,batch1_0_127,7,0.9999999999999998,28,28,1.0,0.00012737090389033237,0.000305697629478742
theta3,batch1_0_127,8,0.9999999999999998,28,28,1.0,0.00013085075611301582,0.0003129838858798617
theta3,batch1_0_127,9,0.9999999999999998,28,28,1.0,9.016114253330888e-05,0.00036924595504886267
theta3,batch1_0_127,10,0.9999999999999998,28,28,1.0,9.050742227668806e-05,0.0004592371259632968
theta3,batch1_0_127,11,0.9999999999999998,28,28,1.0,0.00010665975032697255,0.00035721354023976763
theta3,batch1_0_127,12,0.9999999999999998,28,28,1.0,9.807366132709718e-05,0.000894158918377511
theta3,batch1_0_127,13,0.9999999999999998,28,28,1.0,0.00015617287930046452,0.012036434298125889
theta3,batch1_0_127,14,0.9999999999999998,28,28,1.0,0.00017036582332636256,0.0016931382797278568
theta3,batch1_0_127,15,0.9999999999999998,28,28,1.0,0.00014515421583133353,0.0025474209982331996
theta3,batch1_0_127,16,0.9999999999999998,28,28,1.0,0.00017570880746515909,0.015191515704333408
theta3,batch1_0_127,17,0.9999999999999998,28,28,1.0,0.0002590721413102584,0.0015626556038633237
theta3,batch1_0_127,18,0.9999999999999998,28,28,1.0,0.0002486926790941682,0.004574945226948845
theta3,batch1_0_127,19,0.9999999999999998,28,28,1.0,0.0003164555168346755,0.02253958464407718
theta3,batch2_128_255,0,0.9999999999999998,28,28,1.0,0.00014095187047961376,0.0003306446433417983
theta3,batch2_128_255,1,0.9999999999999998,28,28,1.0,0.00014050200880520974,0.0003064443746647592
theta3,batch2_128_255,2,0.9999999999999998,28,28,1.0,0.00013817265348837378,0.0002735131602985561
theta3,batch2_128_255,3,0.9999999999999998,28,28,1.0,0.0001006897664291878,0.0002746245080445633
theta3,batch2_128_255,4,0.9999999999999998,28,28,1.0,0.00010540709475846909,0.00030183542033826547
theta3,batch2_128_255,5,0.9999999999999998,28,28,1.0,0.0001386495897688052,0.0002701853583663711
theta3,batch2_128_255,6,0.9999999999999998,28,28,1.0,9.59199255713328e-05,0.0003027672246746168
theta3,batch2_128_255,7,0.9999999999999998,28,28,1.0,0.0001272363786910929,0.00021534064824253223
theta3,batch2_128_255,8,0.9999999999999998,28,28,1.0,0.0001401498805814361,0.0003391645581770779
theta3,batch2_128_255,9,0.9999999999999998,28,28,1.0,0.00011841483446631241,0.00037189225128600234
theta3,batch2_128_255,10,0.9999999999999998,28,28,1.0,8.338986343402312e-05,0.00048425810344014203
theta3,batch2_128_255,11,0.9999999999999998,28,28,1.0,0.00011917069848865527,0.0003850662924575156
theta3,batch2_128_255,12,0.9999999999999998,28,28,1.0,0.00016717594223440436,0.0006762842029823653
theta3,batch2_128_255,13,0.9999999999999998,28,28,1.0,0.00014864235822644248,0.0012834107259481428
theta3,batch2_128_255,14,0.9999999999999998,28,28,1.0,0.0002062967571925969,0.0017520450082263287
theta3,batch2_128_255,15,0.9999999999999998,28,28,1.0,0.00014524424912696704,0.000761749030320966
theta3,batch2_128_255,16,0.9999999999999998,28,28,1.0,0.00015713161495859346,0.003957999719976156
theta3,batch2_128_255,17,0.9999999999999998,28,28,1.0,0.0003137828831336943,0.011523294461706121
theta3,batch2_128_255,18,0.9999999999999998,28,28,1.0,0.0003538879162820132,0.002339755144957335
theta3,batch2_128_255,19,0.9999999999999998,28,28,1.0,0.0003386027697594577,0.01933036531731247
