state,batch,k,positive_pairs,n_pairs,positive_fraction
theta3,batch1_0_127,0,28,28,1.0
theta3,batch1_0_127,1,28,28,1.0
theta3,batch1_0_127,2,28,28,1.0
theta3,batch1_0_127,3,28,28,1.0
theta3,batch1_0_127,4,28,28,1.0
theta3,batch1_0_127,5,28,28,1.0
theta3,batch1_0_127,6,28,28,1.0
theta3,batch1_0_127,7,28,28,1.0
theta3,batch1_0_127,8,28,28,1.0
theta3,batch1_0_127,9,28,28,1.0
theta3,batch1_0_127,10,28,28,1.0
theta3,batch1_0_127,11,28,28,1.0
theta3,batch1_0_127,12,28,28,1.0
theta3,batch1_0_127,13,28,28,1.0
theta3,batch1_0_127,14,26,28,0.9285714285714286
theta3,batch1_0_127,15,26,28,0.9285714285714286
theta3,batch1_0_127,16,25,28,0.8928571428571429
theta3,batch1_0_127,17,23,28,0.8214285714285714
theta3,batch1_0_127,18,22,28,0.7857142857142857
theta3,batch1_0_127,19,20,28,0.7142857142857143
theta3,batch2_128_255,0,28,28,1.0
theta3,batch2_128_255,1,28,28,1.0
theta3,batch2_128_255,2,28,28,1.0
theta3,batch2_128_255,3,28,28,1.0
theta3,batch2_128_255,4,28,28,1.0
theta3,batch2_128_255,5,28,28,1.0
theta3,batch2_128_255,6,28,28,1.0
theta3,batch2_128_255,7,28,28,1.0
theta3,batch2_128_255,8,28,28,1.0
theta3,batch2_128_255,9,28,28,1.0
theta3,batch2_128_255,10,28,28,1.0
theta3,batch2_128_255,11,28,28,1.0
theta3,batch2_128_255,12,28,28,1.0
theta3,batch2_128_255,13,28,28,1.0
theta3,batch2_128_255,14,28,28,1.0
theta3,batch2_128_255,15,26,28,0.9285714285714286
theta3,batch2_128_255,16,26,28,0.9285714285714286
theta3,batch2_128_255,17,24,28,0.8571428571428571
theta3,batch2_128_255,18,22,28,0.7857142857142857
theta3,batch2_128_255,19,21,28,0.75
