class,all_cls_cos,selected_cls_cos,not_selected_cls_cos,all_comp_cos,selected_comp_cos,not_selected_comp_cos,all_cls_proj,all_comp_proj,all_delta_norm,all_token_count,selected_token_count,not_selected_token_count
60,0.06256285408242547,0.07075643660677208,0.02624121745921836,0.07356479690108245,0.08210596278211196,0.03570234509230811,0.6850082070021716,0.802040064140399,10.772328470313223,6400,5222,1178
61,0.04669504041994514,-0.00246933129173653,0.05496987625750822,0.04741127125093044,0.0059641284432258145,0.0543872233627785,0.8655941419774962,0.8912806422352242,17.8759997664392,6400,922,5478
62,-0.008161693710353574,0.018737703331700616,-0.01851746677631644,-0.020100466935837176,0.001765394020048737,-0.028518421196932403,-0.24412375355710084,-0.4006028702032427,15.158220638139174,6400,1779,4621
63,0.08195591874591628,0.09051535462977274,0.08076448427436488,0.09278537753063575,0.10012949634607776,0.09176310965707297,1.4412342972492842,1.6396862483728682,18.312403109930457,6400,782,5618
64,0.050133254586435215,0.010892117122544887,0.05324342905659178,0.05823840598492097,0.0524327964918252,0.05869854704086617,0.9080754413338445,1.113282263101837,18.828888816870748,6400,470,5930
65,0.04118894639184873,0.00848232212912485,0.047520441353562155,0.05225363216795813,0.047380146169218526,0.053197063437389634,0.7015976231715058,0.933612630388684,17.89853246126324,6400,1038,5362
66,0.0628854464336473,0.039241245238492824,0.06468649286737943,0.07942537427039496,0.05260845137015807,0.08146809599123023,1.0951436632798441,1.4061549895461576,17.980437150672078,6400,453,5947
67,0.025985840138309867,0.03404528420161368,0.023550789388766397,0.03839169224054786,0.0436420474144997,0.03680536926327044,0.46435826644572104,0.7114561154033617,18.69117300886661,6400,1485,4915
68,0.01959192062036891,0.026420061683223573,0.005758074542670456,0.049145324564669864,0.057693724094943305,0.031826226698371186,0.23495033709284371,0.5784594951594215,12.171466015321203,6400,4285,2115
69,-0.0907289254112402,-0.069162681073201,-0.09945102071846122,-0.05633161803623807,-0.02194243665088253,-0.07023972891910185,-1.5259782360866188,-0.9988397974329163,16.06116039655637,6400,1843,4557
70,-0.0359541078528855,-0.027109719265048512,-0.03939092711103608,-0.048377464095901816,-0.04540435711128844,-0.04953277644336169,-0.614351858964319,-0.792931195569779,15.951428557243197,6400,1791,4609
71,-0.005659862106367655,0.010209019751194759,-0.0252521687573246,0.008262098436935048,0.025501829630361315,-0.013022709349362185,-0.29635022853392456,-0.11747175636435259,13.883807697627926,6400,3536,2864
72,0.05883679613143613,0.07734516705619808,0.055008079762500835,0.06716888823189947,0.09343405338488146,0.0617355700774923,1.1033185475084566,1.2669818843086704,18.191641313359142,6400,1097,5303
73,-0.03695435004447063,0.004897007289568166,-0.04241772278247711,-0.015585144795768429,0.026649035718821303,-0.02109849215494204,-0.6624742919691289,-0.25311925633623106,19.36269557632506,6400,739,5661
74,0.04266702374930901,0.060463362117918196,0.03946473277442653,0.056719511107257856,0.08912151487239782,0.050889062052173674,0.7559557640599712,1.0532703253242153,18.239883680120112,6400,976,5424
75,0.050307015296675674,0.06809551293304954,0.04958089512970058,0.07139642125133833,0.10018165852685285,0.07022141807095873,0.9691231374989662,1.3828894323669616,18.23432137787342,6400,251,6149
76,-0.06279262547624967,-0.0465518989052074,-0.07104309825833428,-0.048643271370201545,-0.030130944470054228,-0.058047742811463944,-1.1078075898582664,-0.8775821824179115,16.299352174773812,6400,2156,4244
77,0.004688648238661699,0.004270468124962268,0.004766548333984762,0.01770267436873837,0.03208178598016723,0.015024081751595461,0.09398344689457644,0.32408995697110526,17.40047894211486,6400,1005,5395
78,0.05395128492891672,0.009373532733601206,0.06126469571105106,0.05567906236632553,0.019989568622423515,0.0615342685061945,1.0007600922131406,1.0776303561535128,17.821323506347834,6400,902,5498
79,-0.005894232688842749,-0.028354361939631652,-0.0025195619387242147,0.012846048790488568,-0.0019387458495653132,0.015067488100173153,-0.11960798965298182,0.23366998693220467,18.60418595291674,6400,836,5564
