n_steps,spearman_rho_prefix,p_value_prefix,mean_residual_prefix,cumulative_residual_prefix
3,1.0,0.0,-2.544839313848e-07,-7.634517941545e-07
4,1.0,0.0,-1.783148563983e-07,-7.132594256e-07
5,1.0,1.404265e-24,-2.176292092027e-07,-1.088146046013e-06
6,1.0,0.0,-1.666893038477e-07,-1.000135823086e-06
7,1.0,0.0,-9.748705840844e-08,-6.824093088591e-07
8,1.0,0.0,-1.210406748715e-07,-9.683253989720e-07
9,1.0,0.0,-1.007765583117e-07,-9.069890247105e-07
10,1.0,6.646897e-64,-7.228346136664e-08,-7.228346136664e-07
11,1.0,0.0,-7.189282997582e-08,-7.908211297340e-07
12,1.0,0.0,-7.543084494328e-08,-9.051701393714e-07
13,1.0,0.0,-8.676391184224e-08,-1.127930854950e-06
14,1.0,0.0,-8.093860397363e-08,-1.133140455206e-06
15,1.0,0.0,-7.928350367276e-08,-1.189252555756e-06
16,1.0,0.0,-6.703049976354e-08,-1.072488247878e-06
17,1.0,0.0,-7.131363717070e-08,-1.212332402222e-06
18,1.0,0.0,-7.143922080262e-08,-1.285906885605e-06
19,1.0,0.0,-6.502777390599e-08,-1.235527769940e-06
20,1.0,0.0,-6.730028871971e-08,-1.346005774394e-06
