k,loss_T4,mu_norm,delta_A_1st,delta_A_finite,residual,relative_abs_error,sign_match,utility_1st_pair
0,3.632109404,7.113514900,2.514987718314e-04,2.515316009521e-04,3.282912075520e-08,1.305339e-04,True,2.652896e-03
1,3.558278561,7.069931507,1.391399709973e-04,1.387596130371e-04,-3.803579602391e-07,2.733635e-03,True,2.406722e-03
2,3.494351387,7.035091400,5.668270750903e-05,5.626678466797e-05,-4.159228410572e-07,7.337738e-03,True,2.203843e-03
3,3.437335491,7.004980087,-1.006377260637e-05,-1.001358032227e-05,5.019228410674e-08,4.987422e-03,True,2.031035e-03
4,3.384732723,6.983892441,-6.471338565461e-05,-6.508827209473e-05,-3.748864401132e-07,5.793028e-03,True,1.879970e-03
5,3.337919950,6.966160774,-1.130984164774e-04,-1.130104064941e-04,8.800998330116e-08,7.781717e-04,True,1.748541e-03
6,3.294786215,6.955686569,-1.544553379063e-04,-1.541376113892e-04,3.177265170962e-07,2.057077e-03,True,1.632833e-03
7,3.256384850,6.942760944,-1.899721100926e-04,-1.902580261230e-04,-2.859160304070e-07,1.505042e-03,True,1.534948e-03
8,3.219253063,6.934032440,-2.163069875678e-04,-2.162456512451e-04,6.133632268757e-08,2.835614e-04,True,1.445949e-03
9,3.183947563,6.926565647,-2.415829658275e-04,-2.413988113403e-04,1.841544872150e-07,7.622826e-04,True,1.359891e-03
10,3.152812958,6.922546864,-2.630269154906e-04,-2.630949020386e-04,-6.798654794693e-08,2.584775e-04,True,1.286021e-03
11,3.123988628,6.920802593,-2.818156208377e-04,-2.819299697876e-04,-1.143489498645e-07,4.057580e-04,True,1.217983e-03
12,3.096516609,6.920698166,-2.982773003168e-04,-2.985000610352e-04,-2.227607183158e-07,7.468242e-04,True,1.155603e-03
13,3.071841717,6.921030045,-3.098197339568e-04,-3.098249435425e-04,-5.209585651755e-09,1.681489e-05,True,1.101710e-03
14,3.047538280,6.923061371,-3.209745045751e-04,-3.210306167603e-04,-5.611218512058e-08,1.748182e-04,True,1.049899e-03
15,3.023977280,6.924843311,-3.288959851488e-04,-3.287792205811e-04,1.167645677924e-07,3.550197e-04,True,1.000750e-03
16,3.002591133,6.928768635,-3.354343061801e-04,-3.355741500854e-04,-1.398439053446e-07,4.169040e-04,True,9.570584e-04
17,2.982417107,6.933689117,-3.384808078408e-04,-3.385543823242e-04,-7.357448339462e-08,2.173668e-04,True,9.146273e-04
18,2.961831570,6.937763214,-3.438499697950e-04,-3.437995910645e-04,5.037873052061e-08,1.465137e-04,True,8.756354e-04
19,2.943161726,6.943860531,-3.495303681120e-04,-3.496408462524e-04,-1.104781404138e-07,3.160759e-04,True,8.401594e-04
